regional_id,pop_q1,frota_q1,obitos_acum_q1,inter_acum_q1,pop_q2,frota_q2,obitos_acum_q2,inter_acum_q2
11001,269316.0,119818.0,297,407.0,284003.0,144409.0,334,479.0
11002,179744.0,104422.0,228,1286.0,173643.0,123301.0,261,963.0
11003,369704.0,196447.0,473,1468.0,341326.0,229042.0,511,1483.0
11004,631354.0,276672.0,583,3388.0,666953.0,309155.0,570,7688.0
11005,146006.0,74324.0,173,758.0,135345.0,90084.0,188,770.0
11006,159917.0,80802.0,202,2610.0,161819.0,98049.0,259,2903.0
11007,49747.0,16156.0,80,241.0,52189.0,20856.0,68,316.0
12001,67265.0,17569.0,44,61.0,73617.0,23662.0,42,123.0
12002,542243.0,191291.0,345,3564.0,593149.0,227211.0,368,5707.0
12003,220111.0,40401.0,112,13.0,240110.0,50985.0,131,210.0
13001,2512003.0,667107.0,1333,3098.0,2663871.0,795727.0,1554,4578.0
13002,292597.0,27275.0,126,75.0,306626.0,33375.0,160,104.0
13003,195073.0,13050.0,99,282.0,206110.0,17823.0,123,656.0
13004,170727.0,24047.0,103,31.0,177430.0,28435.0,126,46.0
13005,246971.0,23260.0,102,913.0,257267.0,27388.0,110,376.0
13006,132054.0,5592.0,42,46.0,135116.0,7376.0,86,90.0
13007,135483.0,4882.0,22,25.0,141730.0,6188.0,52,82.0
13008,128049.0,12967.0,38,179.0,125033.0,15981.0,43,201.0
13009,250657.0,14419.0,49,123.0,256812.0,18827.0,60,345.0
14001,437925.0,184752.0,468,8061.0,558735.0,217393.0,528,10154.0
14002,84711.0,14758.0,90,94.0,93978.0,18420.0,106,395.0
15001,550946.0,176350.0,749,4022.0,583777.0,210628.0,921,4522.0
15002,750672.0,143182.0,577,1538.0,782583.0,175718.0,615,1993.0
15003,850985.0,266514.0,1124,7363.0,899615.0,345597.0,1236,9833.0
15004,448711.0,91378.0,443,567.0,477439.0,109027.0,455,504.0
15006,2177672.0,562353.0,1081,7219.0,2269233.0,661334.0,1253,11247.0
15007,357516.0,50062.0,314,182.0,374535.0,65420.0,352,579.0
15008,913596.0,163912.0,874,499.0,959387.0,201626.0,993,684.0
15009,526447.0,73016.0,383,96.0,550336.0,94556.0,419,238.0
15010,215162.0,57860.0,329,1384.0,222500.0,77759.0,400,2699.0
15011,685633.0,83967.0,354,229.0,722380.0,107701.0,420,533.0
15012,340654.0,92360.0,533,1669.0,357549.0,109141.0,525,2542.0
15013,237297.0,7960.0,73,276.0,249843.0,10768.0,87,298.0
15014,311337.0,10699.0,41,127.0,327947.0,13583.0,53,273.0
16001,533632.0,142675.0,308,2534.0,588584.0,170439.0,303,2716.0
16002,65687.0,4774.0,31,34.0,72879.0,6154.0,37,122.0
16003,198403.0,29297.0,80,281.0,216150.0,36113.0,86,140.0
17001,296851.0,119280.0,409,3714.0,309111.0,141085.0,486,3648.0
17002,208286.0,57515.0,251,66.0,212951.0,63853.0,286,8.0
17003,98481.0,18952.0,129,29.0,99516.0,24620.0,123,38.0
17004,160369.0,53311.0,253,125.0,164491.0,62903.0,288,139.0
17005,183790.0,81969.0,317,449.0,186210.0,95015.0,353,266.0
17006,363093.0,182236.0,427,4140.0,389493.0,217974.0,510,7183.0
17007,128292.0,44310.0,249,368.0,132934.0,53195.0,242,592.0
17008,111032.0,38013.0,217,7.0,112657.0,47112.0,221,4.0
21001,295523.0,70082.0,438,460.0,302123.0,85199.0,443,1365.0
21002,265149.0,65015.0,224,10.0,270276.0,78988.0,244,36.0
21003,224369.0,69308.0,320,1063.0,229463.0,87200.0,422,2638.0
21004,231168.0,53262.0,308,859.0,236252.0,65305.0,372,670.0
21005,302145.0,69202.0,352,100.0,308686.0,79789.0,329,7.0
21006,375623.0,41649.0,357,5.0,383972.0,48332.0,339,96.0
21007,304731.0,60696.0,318,1500.0,311743.0,71106.0,292,1915.0
21008,535538.0,189050.0,688,7301.0,546913.0,225755.0,744,9870.0
21009,383580.0,46849.0,335,251.0,390973.0,55784.0,337,212.0
21010,214792.0,62630.0,207,90.0,219284.0,75114.0,264,133.0
21011,392564.0,48559.0,367,3532.0,401065.0,61014.0,332,3065.0
21012,286216.0,62903.0,362,43.0,292311.0,74365.0,382,87.0
21013,298162.0,31340.0,225,3.0,306047.0,40173.0,263,4.0
21014,388842.0,71628.0,348,971.0,397205.0,80587.0,378,3022.0
21015,242709.0,42767.0,338,209.0,247927.0,51324.0,363,261.0
21016,1443242.0,427833.0,718,4366.0,1475254.0,499420.0,805,2229.0
21017,247344.0,47497.0,261,107.0,252750.0,56080.0,302,391.0
21018,269996.0,33493.0,200,300.0,275887.0,41348.0,197,431.0
21019,298536.0,38448.0,286,837.0,305131.0,48472.0,262,34.0
22001,160726.0,42081.0,262,908.0,163795.0,48079.0,272,1746.0
22002,194069.0,36676.0,259,169.0,198441.0,47464.0,281,302.0
22003,395099.0,99285.0,543,111.0,403230.0,115842.0,556,166.0
22004,1212208.0,531196.0,1405,22768.0,1240581.0,607155.0,1422,27152.0
22005,275604.0,104259.0,329,1621.0,281840.0,122515.0,416,2194.0
22006,145962.0,33161.0,194,375.0,149305.0,41591.0,247,580.0
22007,47115.0,12857.0,75,236.0,48391.0,16159.0,95,182.0
22008,107138.0,25228.0,171,473.0,109294.0,29667.0,187,439.0
22009,370606.0,112143.0,688,356.0,378472.0,136266.0,659,38.0
22010,105119.0,23213.0,162,79.0,106810.0,27786.0,173,83.0
22011,205611.0,61017.0,278,2150.0,209131.0,71718.0,306,5894.0
23001,2798587.0,1051612.0,1727,35174.0,2878668.0,1174771.0,1427,40645.0
23002,619311.0,149705.0,605,95.0,633621.0,182005.0,518,68.0
23003,538552.0,121832.0,417,110.0,555464.0,148733.0,365,100.0
23004,138884.0,31687.0,153,884.0,141411.0,37678.0,153,491.0
23005,205936.0,55912.0,277,7.0,209500.0,67430.0,205,19.0
23006,296379.0,65695.0,291,0.0,305287.0,79951.0,286,0.0
23007,117324.0,32093.0,98,194.0,120255.0,38292.0,112,313.0
23008,322824.0,95435.0,375,816.0,329685.0,111075.0,392,773.0
23009,199006.0,74092.0,283,4530.0,202691.0,86648.0,310,4115.0
23010,225427.0,94279.0,367,273.0,228965.0,109117.0,351,43.0
23011,645542.0,203208.0,800,1886.0,658512.0,235779.0,898,3219.0
23012,228503.0,58611.0,375,2.0,235126.0,71775.0,446,20.0
23013,315504.0,103309.0,500,6.0,324726.0,125802.0,568,32.0
23014,114227.0,35905.0,192,19.0,116082.0,42165.0,196,42.0
23015,296665.0,101372.0,480,8.0,300372.0,116513.0,556,18.0
23016,156264.0,32717.0,165,0.0,158905.0,40197.0,172,14.0
23017,171424.0,53960.0,214,93.0,173298.0,60608.0,246,87.0
23018,320563.0,100174.0,376,790.0,325708.0,116488.0,524,622.0
23019,213874.0,55775.0,255,1619.0,217621.0,65769.0,304,2011.0
23020,345405.0,103546.0,359,338.0,352150.0,121081.0,488,437.0
23021,423996.0,152910.0,406,5613.0,434471.0,180722.0,434,8205.0
23022,326263.0,85099.0,338,47.0,338062.0,106557.0,299,20.0
24001,386219.0,85287.0,278,2.0,390841.0,101444.0,326,0.0
24002,488039.0,189447.0,442,3650.0,498131.0,220840.0,450,5089.0
24003,353688.0,72003.0,274,1.0,356989.0,85308.0,260,8.0
24004,314012.0,111322.0,237,63.0,312775.0,125163.0,239,34.0
24005,202042.0,47283.0,159,0.0,203548.0,54237.0,166,1.0
24006,254580.0,79318.0,299,6.0,252452.0,96429.0,335,2.0
24007,1349743.0,514747.0,521,6741.0,1386227.0,584396.0,615,14214.0
24008,158680.0,43555.0,165,11.0,159940.0,27234.0,126,11.0
25001,1316439.0,470050.0,906,9195.0,1336175.0,553491.0,976,13205.0
25002,307134.0,66195.0,333,0.0,307517.0,79607.0,352,20.0
25003,197505.0,41135.0,216,,198338.0,50615.0,253,
25004,113360.0,15153.0,158,53.0,114101.0,16585.0,158,44.0
25005,113706.0,20155.0,181,3.0,114323.0,26482.0,192,3.0
25006,238023.0,71981.0,252,1332.0,239548.0,85400.0,280,2038.0
25007,148796.0,34417.0,168,9.0,148467.0,41846.0,188,4.0
25008,118704.0,37756.0,138,8.0,119599.0,44241.0,156,55.0
25009,177519.0,56317.0,208,1808.0,178797.0,65248.0,219,1748.0
25010,117604.0,36987.0,155,471.0,118110.0,43253.0,161,677.0
25011,85071.0,8236.0,103,0.0,85509.0,11561.0,106,1.0
25012,175939.0,32005.0,168,39.0,176715.0,41040.0,183,4.0
25013,60597.0,17586.0,86,58.0,60792.0,21114.0,87,184.0
25014,152615.0,34868.0,168,0.0,154096.0,42608.0,173,3.0
25015,151289.0,26279.0,166,,151796.0,32140.0,174,
25016,551257.0,184523.0,512,6032.0,556022.0,216021.0,522,6005.0
26001,188965.0,60601.0,203,0.0,191075.0,69691.0,224,2.0
26002,420551.0,88408.0,404,0.0,432227.0,104084.0,433,6.0
26003,1362249.0,418003.0,1267,986.0,1399740.0,507769.0,1389,2197.0
26004,541485.0,127992.0,645,5.0,549206.0,153984.0,693,5.0
26005,313632.0,92644.0,297,0.0,316169.0,103467.0,267,2.0
26006,596974.0,142151.0,472,0.0,605374.0,169223.0,540,4.0
26007,352336.0,93844.0,511,2706.0,360110.0,106873.0,573,3313.0
26008,616282.0,98620.0,419,3461.0,628415.0,117582.0,437,3854.0
26009,496918.0,156764.0,558,5338.0,517042.0,189002.0,637,8983.0
26010,4198599.0,1282602.0,2117,17752.0,4284238.0,1416422.0,2026,17958.0
26011,147095.0,38249.0,154,180.0,148923.0,44286.0,169,567.0
26012,238180.0,69680.0,321,138.0,242274.0,82644.0,340,163.0
27001,1288884.0,333921.0,774,2904.0,1291828.0,398015.0,778,3128.0
27002,167450.0,18742.0,133,0.0,166531.0,25040.0,175,0.0
27003,226978.0,31141.0,211,665.0,225185.0,40191.0,223,128.0
27004,145901.0,19715.0,116,0.0,143945.0,24113.0,128,0.0
27005,241316.0,34485.0,214,9.0,241181.0,43336.0,249,0.0
27006,208835.0,35332.0,217,27.0,207623.0,42939.0,227,233.0
27007,534970.0,143294.0,631,5261.0,532881.0,180212.0,699,7114.0
27008,159212.0,35981.0,189,4.0,157051.0,43793.0,198,0.0
27009,239531.0,42248.0,267,677.0,237387.0,52957.0,283,345.0
27010,162746.0,35317.0,173,0.0,161739.0,44369.0,181,0.0
28001,852138.0,314250.0,495,5310.0,881101.0,346527.0,496,9417.0
28002,246592.0,53276.0,249,1813.0,248922.0,64991.0,289,184.0
28003,252432.0,80249.0,354,3.0,256062.0,98993.0,374,196.0
28004,261015.0,79491.0,224,1399.0,263467.0,98512.0,252,1079.0
28005,172636.0,35722.0,225,0.0,176089.0,43057.0,225,0.0
28006,343094.0,68425.0,238,0.0,352394.0,85548.0,223,33.0
28007,160209.0,31148.0,185,244.0,160439.0,37956.0,187,248.0
29001,556410.0,111678.0,513,336.0,544205.0,130202.0,529,106.0
29002,465510.0,134958.0,259,328.0,471295.0,168231.0,504,2899.0
29003,422910.0,115293.0,327,2263.0,406395.0,137382.0,427,2000.0
29004,626687.0,145119.0,327,91.0,644297.0,172249.0,307,113.0
29005,274217.0,60709.0,162,94.0,266852.0,71935.0,194,147.0
29006,1184358.0,346625.0,503,4613.0,1161498.0,412358.0,813,6530.0
29007,471874.0,117773.0,476,1535.0,458606.0,136223.0,566,227.0
29008,202060.0,28002.0,135,736.0,197360.0,33955.0,205,993.0
29009,320554.0,53994.0,222,157.0,292663.0,67202.0,240,159.0
29010,427948.0,80466.0,396,4.0,415244.0,101082.0,451,3.0
29011,261729.0,46670.0,174,1530.0,251676.0,56695.0,256,3514.0
29012,532999.0,108640.0,376,73.0,503359.0,127699.0,422,202.0
29013,257350.0,40573.0,146,551.0,247809.0,48085.0,182,522.0
29014,407178.0,81038.0,414,615.0,393668.0,99972.0,404,1156.0
29015,516876.0,118256.0,466,306.0,485139.0,140126.0,439,205.0
29016,547832.0,128561.0,469,3898.0,538535.0,154402.0,585,1633.0
29017,260787.0,67060.0,229,3.0,255022.0,79281.0,271,251.0
29018,388876.0,102933.0,287,2166.0,387910.0,126712.0,332,3048.0
29019,334563.0,52355.0,300,17.0,324601.0,67629.0,344,32.0
29020,3489230.0,963517.0,1102,11470.0,3438758.0,1073090.0,1017,19563.0
29021,313373.0,71925.0,205,1002.0,302632.0,86363.0,343,1018.0
29022,472891.0,116451.0,351,240.0,463432.0,138406.0,419,282.0
29023,191045.0,43913.0,177,683.0,185819.0,54822.0,211,645.0
29024,308471.0,61166.0,283,160.0,299084.0,75977.0,308,284.0
29025,652856.0,129938.0,390,1056.0,636842.0,157669.0,556,2619.0
29026,464163.0,111716.0,430,2972.0,458167.0,135434.0,475,3617.0
29027,321415.0,56915.0,244,42.0,314698.0,69499.0,278,42.0
29028,670285.0,165882.0,647,1628.0,639718.0,203457.0,643,1979.0
31001,303317.0,147036.0,253,1025.0,304490.0,169834.0,263,1561.0
31002,146311.0,79916.0,100,501.0,145331.0,91373.0,122,740.0
31003,206917.0,89158.0,119,1069.0,206281.0,100217.0,175,616.0
31004,183745.0,89513.0,126,15.0,186938.0,103852.0,132,25.0
31006,237100.0,138442.0,167,53.0,241554.0,155263.0,166,80.0
31007,542063.0,276106.0,289,1232.0,558200.0,326520.0,422,1977.0
31008,265139.0,115204.0,182,296.0,264985.0,134008.0,219,371.0
31009,126904.0,72277.0,110,1.0,126746.0,81778.0,119,1.0
31010,133294.0,48850.0,95,2770.0,134981.0,55396.0,94,2348.0
31011,126739.0,56747.0,93,1345.0,126092.0,67016.0,127,2035.0
31012,199909.0,99657.0,125,626.0,204144.0,110531.0,143,1041.0
31013,239631.0,102202.0,234,897.0,240507.0,114843.0,211,1106.0
31015,241683.0,111414.0,186,756.0,242516.0,128323.0,168,1060.0
31016,3412820.0,2144966.0,1803,31395.0,3444678.0,2639037.0,1589,37218.0
31017,708021.0,264985.0,433,2481.0,746753.0,315021.0,467,2748.0
31018,867092.0,366644.0,456,48.0,891929.0,384887.0,427,26.0
31019,186295.0,72380.0,207,620.0,187275.0,85279.0,196,600.0
31020,95004.0,36492.0,87,14.0,93442.0,41902.0,91,25.0
31021,236162.0,99801.0,179,12.0,240037.0,114607.0,160,591.0
31022,185332.0,83549.0,106,279.0,189650.0,97361.0,119,407.0
31023,140411.0,61485.0,100,715.0,140317.0,71241.0,85,846.0
31024,460475.0,194554.0,364,2906.0,468588.0,227514.0,394,3942.0
31025,319117.0,126151.0,179,3.0,337902.0,161277.0,156,5.0
31026,144382.0,53915.0,120,108.0,142902.0,60479.0,109,346.0
31027,125932.0,42962.0,92,967.0,125879.0,52736.0,83,804.0
31028,107728.0,53665.0,110,248.0,108446.0,62576.0,127,198.0
31030,124344.0,65475.0,112,360.0,123452.0,74956.0,143,859.0
31031,123570.0,66803.0,93,305.0,125705.0,79313.0,122,502.0
31032,242514.0,125659.0,235,305.0,260522.0,146246.0,249,800.0
31034,204285.0,80699.0,217,61.0,204856.0,94552.0,237,86.0
31035,232311.0,91733.0,138,514.0,233601.0,100360.0,160,492.0
31036,433750.0,165363.0,436,4672.0,433210.0,189573.0,470,4872.0
31037,406635.0,176094.0,319,3768.0,414791.0,197772.0,337,3441.0
31038,71074.0,32752.0,82,7.0,70158.0,37369.0,88,137.0
31040,91007.0,32517.0,93,427.0,89198.0,37992.0,102,269.0
31041,58173.0,33173.0,34,417.0,57409.0,36959.0,41,401.0
31042,130126.0,53938.0,85,895.0,129216.0,63095.0,84,722.0
31044,184423.0,72243.0,132,76.0,184623.0,79109.0,135,7.0
31045,175009.0,73591.0,157,33.0,176050.0,81965.0,161,78.0
31046,51854.0,17633.0,33,0.0,50541.0,20518.0,34,0.0
31047,73479.0,31544.0,54,1.0,73602.0,36472.0,59,0.0
31048,315455.0,146300.0,300,1051.0,320651.0,168969.0,323,1586.0
31049,235541.0,52455.0,149,1020.0,235685.0,64366.0,151,915.0
31050,48528.0,10615.0,35,64.0,47514.0,13157.0,32,1.0
31051,75055.0,15091.0,48,42.0,74952.0,18602.0,56,31.0
31052,280692.0,107846.0,245,972.0,279939.0,126102.0,250,1587.0
31053,116998.0,32211.0,74,6.0,117678.0,36648.0,75,18.0
31055,147477.0,46764.0,122,143.0,148213.0,55204.0,149,176.0
31057,261448.0,142510.0,248,1707.0,266658.0,162814.0,279,2997.0
31058,273095.0,106391.0,248,55.0,277807.0,125613.0,288,19.0
31059,346219.0,144275.0,365,22.0,349218.0,169763.0,377,374.0
31060,216926.0,80992.0,185,143.0,210525.0,91913.0,160,71.0
31061,138826.0,65911.0,124,261.0,139471.0,74234.0,109,828.0
31062,60523.0,11714.0,45,,59740.0,14374.0,55,
31064,91404.0,24917.0,53,453.0,89558.0,28720.0,46,678.0
31065,82788.0,16812.0,100,0.0,80549.0,20320.0,88,0.0
31066,70346.0,25740.0,62,323.0,67824.0,28006.0,73,454.0
31067,63295.0,13186.0,101,34.0,63334.0,16343.0,82,133.0
31068,64975.0,11058.0,53,243.0,65801.0,13542.0,64,362.0
31070,185966.0,93600.0,161,391.0,192740.0,107247.0,160,500.0
31071,178326.0,89563.0,218,194.0,185367.0,102597.0,194,428.0
31072,411807.0,234200.0,281,3267.0,428065.0,259675.0,316,4073.0
31073,196175.0,94249.0,182,14.0,196927.0,107311.0,192,11.0
31074,195740.0,107749.0,182,245.0,197077.0,125112.0,226,212.0
31075,900072.0,523836.0,708,6616.0,933101.0,577118.0,774,9314.0
31076,58582.0,11484.0,30,103.0,56549.0,14164.0,45,94.0
31077,74296.0,28746.0,78,0.0,74621.0,34952.0,97,28.0
31078,124360.0,59204.0,103,0.0,127345.0,67743.0,113,8.0
31079,186536.0,86825.0,139,21.0,187958.0,97421.0,143,455.0
31080,59107.0,19161.0,53,74.0,57729.0,22838.0,49,161.0
31081,30301.0,7621.0,28,74.0,29595.0,9220.0,20,91.0
31082,95249.0,52296.0,102,3.0,95081.0,62059.0,145,27.0
31083,78373.0,24300.0,72,118.0,79034.0,33124.0,74,23.0
31084,436464.0,205000.0,338,850.0,451590.0,225946.0,351,513.0
31085,139350.0,48654.0,117,77.0,140703.0,59005.0,135,71.0
31086,345934.0,178125.0,291,114.0,357499.0,202734.0,260,150.0
31087,127472.0,73537.0,135,75.0,130892.0,83187.0,125,48.0
31088,106011.0,45294.0,75,372.0,106529.0,53422.0,100,773.0
31089,100269.0,46399.0,81,1.0,100116.0,53346.0,91,2.0
31090,72531.0,35498.0,62,613.0,70595.0,40718.0,65,29.0
31091,50817.0,20166.0,35,48.0,50748.0,23695.0,41,77.0
31092,211904.0,117244.0,123,2240.0,214365.0,132426.0,171,2545.0
31093,77221.0,42501.0,71,222.0,77596.0,50188.0,90,337.0
31094,173729.0,36527.0,110,920.0,171958.0,44312.0,109,1245.0
31095,51646.0,15447.0,23,221.0,50013.0,19319.0,45,324.0
31096,45432.0,10504.0,46,6.0,44464.0,11923.0,56,33.0
31097,617257.0,261383.0,356,6583.0,630783.0,291231.0,383,8369.0
31098,70159.0,21505.0,66,2.0,68593.0,25115.0,77,221.0
31099,284782.0,84527.0,248,3377.0,281676.0,97375.0,223,4890.0
32001,657898.0,270478.0,751,2061.0,677630.0,322386.0,828,2239.0
32002,2234460.0,942252.0,1492,11421.0,2305903.0,1074067.0,1702,15502.0
32003,433788.0,154901.0,578,2760.0,438338.0,184148.0,638,3607.0
32004,690210.0,329721.0,782,3625.0,686637.0,379888.0,852,6520.0
33001,278488.0,77293.0,198,346.0,300287.0,77471.0,181,455.0
33002,799469.0,314003.0,424,1723.0,870304.0,348975.0,374,2524.0
33003,330344.0,124509.0,255,373.0,343570.0,144620.0,270,1051.0
33004,886065.0,352510.0,491,1852.0,922318.0,397019.0,566,2211.0
33005,10186591.0,3639117.0,4500,21355.0,10585667.0,4027620.0,4367,18164.0
33006,2046751.0,727282.0,1362,5649.0,2145025.0,815368.0,1433,13979.0
33007,338255.0,127581.0,393,1600.0,350591.0,143963.0,416,2680.0
33008,910045.0,352881.0,940,804.0,964428.0,388625.0,876,547.0
33009,942948.0,450658.0,730,6324.0,981159.0,505749.0,746,7733.0
35011,2958914.0,1279417.0,1458,12434.0,3092717.0,1454742.0,1475,16450.0
35012,588849.0,221134.0,352,1674.0,624533.0,263821.0,373,3327.0
35013,1120473.0,509164.0,471,5959.0,1186936.0,461583.0,482,8812.0
35014,1863062.0,958412.0,878,7029.0,1922898.0,1071836.0,935,10051.0
35015,2753406.0,1649231.0,967,7211.0,2825048.0,1781342.0,962,10017.0
35016,12106920.0,7700558.0,4515,37509.0,12396372.0,8507507.0,3876,52690.0
35021,300709.0,206825.0,215,3025.0,308751.0,226384.0,224,3548.0
35022,203548.0,110752.0,135,128.0,207475.0,125769.0,118,262.0
35023,275339.0,175215.0,235,930.0,285896.0,193998.0,228,731.0
35031,315373.0,201781.0,211,1446.0,328335.0,222512.0,233,1800.0
35032,144167.0,85950.0,131,977.0,149270.0,98578.0,137,203.0
35033,156456.0,100601.0,113,448.0,159086.0,112067.0,123,576.0
35034,391061.0,251258.0,279,1678.0,405949.0,279930.0,312,2378.0
35041,1828212.0,791136.0,974,6672.0,1897551.0,887983.0,1173,7682.0
35051,289112.0,175735.0,220,851.0,296155.0,200588.0,243,1246.0
35052,147892.0,91599.0,98,467.0,149061.0,102784.0,147,673.0
35061,299743.0,153795.0,282,410.0,307803.0,178927.0,291,333.0
35062,644099.0,399028.0,405,4020.0,663414.0,441085.0,450,5402.0
35063,309506.0,170404.0,229,2891.0,322995.0,195671.0,230,2708.0
35064,349440.0,207197.0,254,732.0,361660.0,230002.0,300,312.0
35065,167639.0,95577.0,111,252.0,172172.0,104831.0,139,279.0
35071,463821.0,315157.0,394,1571.0,485447.0,364657.0,443,2272.0
35072,3148522.0,2067532.0,1735,7960.0,3320995.0,2290147.0,1932,8841.0
35073,790304.0,501586.0,514,75.0,835251.0,564467.0,613,143.0
35074,134010.0,90812.0,88,142.0,138104.0,101702.0,122,389.0
35081,420795.0,274650.0,262,1935.0,434079.0,304927.0,329,2066.0
35082,161361.0,91420.0,95,379.0,167436.0,101172.0,102,521.0
35083,124501.0,59533.0,80,190.0,127160.0,67196.0,87,369.0
35091,137140.0,71657.0,71,257.0,139824.0,79865.0,89,448.0
35092,245204.0,144934.0,181,1139.0,249939.0,162037.0,196,1197.0
35093,386758.0,226379.0,258,2563.0,394544.0,254998.0,280,3777.0
35094,241427.0,130482.0,200,1088.0,247065.0,147929.0,183,2149.0
35095,128956.0,81124.0,134,417.0,128627.0,91231.0,147,146.0
35101,339903.0,221800.0,207,1291.0,352417.0,248667.0,237,1153.0
35102,367465.0,231391.0,230,198.0,382593.0,260059.0,289,1825.0
35103,584450.0,376278.0,417,2621.0,606446.0,422110.0,388,3741.0
35104,262254.0,182809.0,162,2706.0,273019.0,204120.0,197,3853.0
35111,134594.0,75144.0,88,494.0,137389.0,84651.0,103,480.0
35112,408674.0,247624.0,226,2611.0,418286.0,274382.0,232,3586.0
35113,59334.0,29905.0,42,4.0,60072.0,34049.0,65,30.0
35114,98440.0,54154.0,67,270.0,99982.0,60307.0,61,164.0
35115,68398.0,29998.0,67,226.0,67019.0,34577.0,68,313.0
35121,284893.0,105969.0,340,1304.0,285331.0,126165.0,316,1658.0
35131,436833.0,240550.0,314,463.0,456454.0,271626.0,294,578.0
35132,907906.0,595848.0,578,8372.0,956411.0,650989.0,689,10286.0
35133,138976.0,76438.0,96,97.0,143555.0,87431.0,109,159.0
35141,326672.0,223555.0,267,2244.0,335434.0,63816.0,311,2605.0
35142,282932.0,170338.0,205,928.0,289816.0,191297.0,235,976.0
35143,217513.0,120856.0,158,966.0,218022.0,137441.0,175,1196.0
35151,315921.0,196869.0,311,1833.0,324989.0,219138.0,327,2471.0
35152,47327.0,30743.0,54,6.0,48254.0,35884.0,64,5.0
35153,104255.0,70341.0,125,805.0,103981.0,79124.0,132,736.0
35154,116793.0,77987.0,121,23.0,118076.0,88163.0,131,9.0
35155,717007.0,499638.0,624,7101.0,746304.0,555451.0,643,9783.0
35156,102735.0,59056.0,132,30.0,107938.0,67577.0,115,2.0
35157,198807.0,131108.0,188,384.0,204070.0,147632.0,221,1303.0
35161,499015.0,268048.0,378,934.0,520003.0,309029.0,418,320.0
35162,282839.0,119108.0,235,1718.0,282482.0,142936.0,250,2297.0
35163,1696354.0,1010630.0,1177,6050.0,1779023.0,1151867.0,1380,9792.0
35171,1078827.0,605359.0,531,2839.0,1124606.0,670352.0,629,5279.0
35172,481688.0,228053.0,293,573.0,491346.0,257454.0,296,820.0
35173,323991.0,152767.0,208,724.0,345844.0,186380.0,206,1373.0
35174,613351.0,356639.0,230,3189.0,637422.0,392846.0,241,4291.0
41001,291687.0,110430.0,259,611.0,302544.0,133575.0,307,736.0
41002,3572326.0,2265827.0,2232,7159.0,3731769.0,2549445.0,2597,9147.0
41003,628284.0,312671.0,524,7450.0,647823.0,361839.0,606,9339.0
41004,173676.0,84296.0,166,0.0,177186.0,97991.0,200,2.0
41005,461693.0,219548.0,615,2165.0,457956.0,262059.0,729,2943.0
41006,176934.0,88610.0,218,344.0,179117.0,101525.0,202,1292.0
41007,266859.0,144736.0,309,698.0,269857.0,169726.0,397,2091.0
41008,358876.0,213008.0,474,1819.0,361016.0,244331.0,513,3703.0
41009,408261.0,250930.0,484,925.0,406054.0,286276.0,510,2486.0
41010,547015.0,330055.0,601,117.0,557660.0,379874.0,731,71.0
41011,339264.0,192934.0,556,206.0,326363.0,220752.0,573,303.0
41012,278758.0,167959.0,362,2649.0,277623.0,191995.0,413,1268.0
41013,157306.0,94456.0,200,1.0,163861.0,106151.0,214,426.0
41014,276665.0,160650.0,303,181.0,278116.0,175369.0,368,807.0
41015,816771.0,517772.0,868,5046.0,856843.0,568334.0,958,6010.0
41016,378787.0,220919.0,457,3208.0,390543.0,253823.0,472,3984.0
41017,950821.0,580495.0,935,6698.0,980098.0,637500.0,976,8268.0
41018,229548.0,119651.0,236,434.0,220928.0,135925.0,259,976.0
41019,291866.0,148435.0,346,104.0,290141.0,172026.0,473,136.0
41020,392278.0,259466.0,518,132.0,405127.0,298482.0,614,405.0
41021,186909.0,83120.0,224,103.0,190997.0,100013.0,243,194.0
41022,136308.0,71357.0,189,386.0,125862.0,83200.0,220,701.0
42001,232039.0,152692.0,246,1525.0,233510.0,140143.0,287,2113.0
42002,357807.0,243351.0,364,2945.0,372513.0,288802.0,417,3852.0
42003,199725.0,119168.0,263,1035.0,202985.0,120508.0,287,1526.0
42004,293252.0,198218.0,379,622.0,302920.0,227653.0,426,903.0
42005,683034.0,432345.0,553,2827.0,747720.0,512680.0,672,2731.0
42006,770993.0,546140.0,724,2136.0,820484.0,613339.0,781,2083.0
42007,1172076.0,763113.0,881,5211.0,1248470.0,875769.0,904,6653.0
42008,190801.0,120284.0,229,345.0,194381.0,138840.0,219,1101.0
42009,292200.0,171408.0,272,219.0,298317.0,201667.0,403,60.0
42010,143417.0,99039.0,133,708.0,144455.0,113726.0,156,1119.0
42011,1007466.0,615671.0,889,6188.0,1074096.0,714964.0,884,5513.0
42012,375990.0,226868.0,337,522.0,383131.0,267076.0,388,1199.0
42013,289820.0,169221.0,362,1452.0,287549.0,197972.0,373,1844.0
42014,198774.0,138393.0,188,930.0,206347.0,166339.0,204,910.0
42015,430202.0,294775.0,333,1895.0,446902.0,335038.0,347,2467.0
42016,363565.0,253260.0,355,2369.0,374693.0,289974.0,408,2973.0
43001,438318.0,225543.0,323,1182.0,438963.0,252561.0,323,1418.0
43002,127285.0,61166.0,80,12.0,122300.0,70795.0,80,11.0
43003,475256.0,237466.0,262,2373.0,454882.0,204973.0,283,2842.0
43004,152711.0,83579.0,129,469.0,164639.0,98421.0,129,1214.0
43005,224424.0,113500.0,166,42.0,241915.0,135070.0,186,0.0
43006,229199.0,123120.0,178,26.0,238404.0,140357.0,219,8.0
43007,812294.0,460406.0,506,585.0,841192.0,511495.0,518,55.0
43008,767170.0,409954.0,482,653.0,787814.0,458864.0,554,343.0
43009,408855.0,192419.0,283,251.0,417255.0,219781.0,296,735.0
43010,2356953.0,1234464.0,991,7472.0,2388224.0,1311628.0,1075,8781.0
43011,291464.0,155365.0,231,131.0,277225.0,174069.0,246,31.0
43012,156371.0,85559.0,134,4.0,151214.0,98024.0,155,8.0
43013,232262.0,142247.0,170,150.0,229644.0,162991.0,230,259.0
43014,232093.0,148567.0,237,708.0,222423.0,170457.0,266,839.0
43015,190460.0,107529.0,226,117.0,181139.0,126709.0,250,156.0
43016,238490.0,143650.0,189,37.0,232430.0,162558.0,219,27.0
43017,409392.0,253804.0,373,649.0,421493.0,286569.0,429,1025.0
43018,134221.0,81579.0,149,45.0,133694.0,93785.0,145,10.0
43019,119773.0,63437.0,105,109.0,117158.0,74070.0,136,191.0
43020,166977.0,88176.0,179,9.0,162885.0,102952.0,243,12.0
43021,885413.0,478160.0,622,214.0,882113.0,535152.0,629,300.0
43022,190564.0,99288.0,88,5.0,188732.0,113216.0,107,4.0
43023,589468.0,359154.0,322,1493.0,635758.0,395127.0,409,1740.0
43024,99978.0,49656.0,66,0.0,100366.0,57455.0,124,0.0
43025,305217.0,195156.0,235,146.0,323831.0,219829.0,238,189.0
43026,183762.0,116583.0,163,16.0,192500.0,131173.0,208,52.0
43027,207324.0,105357.0,166,6.0,202759.0,119857.0,200,11.0
43028,348005.0,199779.0,270,685.0,354888.0,225466.0,359,243.0
43029,222375.0,147462.0,196,14.0,228550.0,165839.0,245,22.0
43030,126821.0,80339.0,119,2.0,132240.0,89779.0,139,3.0
50001,1482654.0,773768.0,1335,2406.0,1554453.0,887788.0,1524,16062.0
50002,132489.0,42812.0,57,0.0,136709.0,50384.0,96,0.0
50003,820875.0,391752.0,1009,3540.0,858490.0,458085.0,1123,4370.0
50004,277129.0,164741.0,313,23.0,289536.0,187074.0,309,69.0
51001,104198.0,62432.0,151,4.0,109348.0,76993.0,178,987.0
51002,973865.0,542900.0,1065,12497.0,1028372.0,634232.0,1153,10748.0
51003,86817.0,28017.0,104,65.0,93475.0,37848.0,167,102.0
51004,97845.0,36454.0,152,70.0,102494.0,45489.0,165,106.0
51005,122277.0,61574.0,169,403.0,127670.0,77569.0,242,486.0
51006,94268.0,40488.0,162,649.0,102088.0,54872.0,206,602.0
51007,237545.0,116112.0,351,6.0,256810.0,145215.0,433,437.0
51008,158041.0,64275.0,188,182.0,172255.0,84403.0,213,300.0
51009,23872.0,6063.0,19,0.0,25536.0,7714.0,22,0.0
51010,66961.0,40392.0,68,704.0,68609.0,48197.0,116,682.0
51011,191877.0,94979.0,247,2557.0,199952.0,112390.0,285,2799.0
51012,115123.0,53501.0,139,15.0,121016.0,61184.0,208,14.0
51013,506968.0,284927.0,740,1616.0,543133.0,335801.0,827,2445.0
51014,410232.0,242665.0,616,3001.0,454451.0,317804.0,898,3953.0
51015,102336.0,50817.0,103,764.0,107980.0,66076.0,188,1389.0
51016,52319.0,27453.0,55,7.0,54045.0,34246.0,86,28.0
52001,1848764.0,1204718.0,1592,23136.0,1960275.0,1347998.0,1667,34085.0
52002,893939.0,412100.0,933,57.0,978431.0,494659.0,1059,55.0
52003,259199.0,88037.0,315,48.0,277031.0,97122.0,311,816.0
52004,859032.0,162177.0,690,19.0,945490.0,183620.0,706,166.0
52005,299921.0,177587.0,353,53.0,324351.0,204742.0,417,74.0
52006,46437.0,13086.0,72,12.0,46862.0,15862.0,61,29.0
52007,102999.0,30086.0,150,83.0,106988.0,37204.0,165,322.0
52008,140252.0,70154.0,222,423.0,135914.0,82460.0,239,482.0
52009,116829.0,63075.0,161,82.0,113456.0,71176.0,179,43.0
52010,114893.0,58620.0,154,85.0,117610.0,69380.0,184,107.0
52011,506344.0,274687.0,627,871.0,534524.0,321135.0,653,4973.0
52012,201291.0,98224.0,308,8.0,200161.0,117095.0,307,2.0
52013,168408.0,85529.0,264,289.0,166507.0,97496.0,275,210.0
52014,128424.0,56396.0,209,60.0,130727.0,65529.0,182,74.0
52015,442304.0,220929.0,525,345.0,483231.0,259087.0,585,1226.0
52016,224106.0,127489.0,302,159.0,239274.0,148115.0,315,130.0
52017,250117.0,147704.0,308,372.0,257831.0,155881.0,319,684.0
52018,175513.0,72398.0,224,16.0,187926.0,86000.0,261,63.0
53001,3039444.0,1677003.0,1766,11572.0,3094325.0,1894859.0,1688,14789.0
