regional_id,inter_100k_ha_q1,obitos_100k_ha_q1,inter_10k_vei_q1,obitos_10k_vei_q1,inter_100k_ha_q2,obitos_100k_ha_q2,inter_10k_vei_q2,obitos_10k_vei_q2
11001,38.787256232552515,28.277222078749254,9.230540979813828,6.7157811256640665,35.970560619318874,24.552680877098357,7.315924069791606,5.045385486851183
11002,180.4565797887322,31.990282756459575,32.99713405463265,5.84096148970601,80.8289392078365,29.11260699854914,12.294303296112433,4.303070624207184
11003,99.48207172939983,32.054202661395,19.947685574582337,6.432542641168103,82.68637889714266,28.019875669108988,13.16325931209952,4.413455758050698
11004,136.79755234808428,23.74629632435647,31.984975779882614,5.613633440119459,245.77470569764333,17.404766903580143,53.22598875137072,3.765825487137309
11005,130.20052229752824,29.6997703488803,27.572614541582784,6.211110025044695,111.79104660935639,25.240000609974565,18.041088935859577,4.040847245222788
11006,414.9870442309511,32.13380601096408,86.85282433536004,6.734687228000585,355.3992030942761,33.36431322584329,62.04056041617867,5.82193494213931
11007,123.78661484207439,41.053344856514386,40.62410086322944,13.40138667946174,114.9277201572319,21.475819590096577,30.63020797944103,5.695785501967952
12001,23.313380557408294,16.79258682970763,9.870814451905993,7.017811243527538,35.38682113524612,10.391310486307761,12.034048621485889,3.5095816707234944
12002,167.94814966770753,16.341200755084493,49.49513315305258,4.86260654121185,193.39603717417086,12.246736573421572,52.551393714063714,3.3258202397185683
12003,1.5034225298784363,12.984651215343838,0.8823034521517547,7.672677590278262,21.592402609346333,11.461092845916834,10.424955599183395,5.789887572746446
13001,31.521839121182506,13.641406367705926,12.120597472179568,5.280170139313757,35.19952030752278,12.042483629942321,12.237867836060202,4.202744695727567
13002,6.513210225760362,11.01127845304594,7.18275335906003,12.28271192928645,6.08068593446341,10.217145253168036,5.922767054870637,9.876667688679424
13003,36.807687655860235,13.027041114566835,58.48097471081134,21.31317620986284,68.70271129421073,12.285071483096283,87.5000992253462,15.689379464227148
13004,4.616049228870298,15.366990518738119,3.3547438043980944,11.141170763197024,4.153766305295023,14.258972859796948,2.6917264003174664,9.352894927867615
13005,93.9356702175282,10.594974751213407,102.29145016541418,11.762023957716401,9.3486840010324,9.427052484605465,9.260288401442073,9.291890497658802
13006,8.813253065155113,8.091384678354707,22.525628161424336,21.47592354326971,13.477573600558305,14.472397589831456,26.75680993416912,29.528981739667984
13007,4.717271649186257,4.15987679533671,14.241085036639532,12.558508596431835,12.705607542729428,8.627587992237459,30.465556006164654,20.93098988504474
13008,34.99373970551571,7.427327842731597,38.05708261711248,7.955286400797434,34.372645064360114,6.994613249912322,29.222341843969655,5.933977477183831
13009,12.40513190880926,4.977703799435664,22.511003090426097,9.408986369453276,29.991536032163744,5.0283922315369765,44.4275368952294,7.44361660045879
14001,469.24628273657504,27.42651586703956,115.58672888856756,6.84869818793203,345.6876598391545,19.484882299141702,88.62308419868423,5.005085027870064
14002,28.390820588991545,27.28643368321579,17.497462920933152,17.005254295951296,100.91344723099184,23.13635957440144,54.775422228926686,12.417769482898205
15001,187.9502900096449,34.91776220254014,62.74620412124422,11.593321630586939,160.66554131570462,31.743821606960285,46.72589210291385,9.214469272817263
15002,51.94330058206228,19.456668344606417,30.348246291146047,11.215171765431554,55.05740401711743,16.040698006883872,26.230586661201627,7.6461461675143845
15003,221.66426757655825,33.92729409676362,76.50828373680584,11.818495595143828,227.42282708871522,28.143817268866094,64.61368317558501,7.954907692498602
15004,32.58880474674935,25.528110498493895,16.881620505840672,13.357958144991894,21.453899874875646,19.177515464522017,9.747039477762266,8.811878759948318
15006,83.72783398818898,12.553865506609133,33.845911383975,5.106625192764331,103.73465823090254,11.117898296512323,37.27702435061702,3.9941893300741214
15007,12.922573255751335,22.331880039786704,10.227206554967943,17.813360079136775,35.32998117067876,18.944548646788625,21.931351272037617,11.880874780630526
15008,13.952010710539458,24.35641908954709,8.557004876868014,14.716332242255506,15.563536769485832,20.479203252221424,7.7983787649633705,10.3839063149094
15009,4.618667233218989,18.470203539848498,3.7339269868609897,15.219461964290467,9.362260110441419,15.54035611889566,6.038342387352078,9.828097133591244
15010,151.20179095378575,35.91182125074371,68.87324263224103,16.298796026273987,266.1696255943533,35.55977101729863,82.87590396237604,11.433859712730705
15011,8.531210927588969,13.161826365589057,7.6617604522822615,11.701815636105641,16.91627908178587,11.351585331741177,12.024577652492304,8.22785725656363
15012,124.11712902699367,39.88486007310209,48.226943299362745,16.034121402888402,136.47284464130885,29.319086862055343,47.07216194383996,10.125156044752693
15013,29.648979439621815,7.841930240770521,98.34628629965664,25.864842656385978,20.57196942432498,7.019839753611269,52.36476327542679,17.800881001866507
15014,10.332720353894377,3.3621127580125,31.658761690702086,10.562791022968762,15.737250708296532,3.4749462620541234,40.90077108278608,8.882115973502982
16001,122.63554207195814,14.918432453089927,46.91239202807718,5.714358942305559,94.00455482851388,9.951904072702579,33.79369201541028,3.552731661921395
16002,13.090244939045466,12.252683512017331,18.462638586150515,18.25886597505943,34.50065728435186,10.566267223513854,43.53556914357134,13.335172604303578
16003,36.42612969683579,10.379734666148897,25.976436517104883,7.436007125873209,12.517930685049823,8.505372337723207,7.833563224952062,5.327952502127067
17001,318.54769154566907,35.11160875532228,82.47502599400617,9.127377623971341,228.05281627450822,31.21778402018487,52.19707505045011,7.160547713402441
17002,8.042650304033117,30.480386570697114,3.0531684289723318,11.49440311498072,0.0,25.72600839266668,0.0,8.818815247702009
17003,7.415423299084571,32.996843078767206,4.1897308753810165,18.704090753971943,7.33462278654895,23.02882120306023,3.243871119637076,10.265360055031005
17004,19.750722284206716,39.93199556041326,6.366175616427446,12.759850569343945,15.598305274828236,33.42013776350473,4.381321038843868,9.274822182249414
17005,61.600294636851004,43.48149463594842,14.56903889040332,10.273841229396,22.069066740034447,36.38611702024162,4.544718828666742,7.450717012017225
17006,293.44584852464175,30.336177629699407,60.46049864978195,6.266263471731942,405.6158341534008,26.529533806256197,75.19389362164199,4.925027868678751
17007,73.58105768625123,49.42994758390531,23.356007006426186,15.280318366718166,106.37140068405425,34.34690098700539,27.410805700147208,9.049064057818054
17008,1.5956271592189513,49.33795533097019,0.515886364645799,15.583788506760497,0.6771947883089092,40.03511619398276,0.187551576683588,10.258390516386209
21001,39.095245489263604,37.678915485329135,16.767389681189965,17.359415167154257,93.47882199490914,29.85516052551931,35.12410332239902,11.228943992084197
21002,0.9491758542422583,21.07026838290589,0.4432413619756961,9.442061635946944,3.147436455036721,18.071382397354924,1.105219819169183,6.648668476703213
21003,119.8195947234571,36.134434754377125,42.15591626115262,12.860573678198,252.06271905267224,37.63213878511549,71.83838935302158,10.667775133209414
21004,94.58882388915858,33.76658056393975,46.254091155546725,16.08117216966252,55.49865191873264,30.95304355358822,22.067025166801468,11.974579730484985
21005,8.356383859840054,29.391799256714663,3.9527315399437817,13.871467983445426,0.16233555591811138,21.04111443981907,0.06370557606288722,8.535531321669149
21006,0.33846732433910043,24.14345879593249,0.33106042665869845,23.810420022579546,6.294151185606683,17.505712918976037,5.136358835107083,14.497308377077179
21007,123.87724130883939,26.271584992441536,68.26658829082236,14.540693438937328,125.3912838674078,19.451619037816155,57.98084065768491,9.018140560136306
21008,342.78747572291707,32.34983745964882,103.82542367355528,9.991637142037174,353.23154474900133,26.845852314051957,91.44084533466008,6.928891284333666
21009,16.62294005200178,22.197597840007358,14.797928885231126,19.780813008247414,8.831467091405324,17.741722369515323,6.642501214546693,13.172471981944264
21010,10.462790942953855,24.063811528358414,3.9244828559454676,8.949233542636884,13.459997173895246,24.423049576853035,4.055745027052517,7.579488363079364
21011,227.1919922272996,23.600131570352758,210.19901146654084,21.766263383326027,152.2464263107191,16.447840598301877,109.04052400575736,11.71622498558347
21012,3.768003943926966,31.772312145082854,1.8100243617929994,15.692147165155069,5.732918851997862,26.441107999150276,2.2706802656819622,11.016581959835824
21013,0.25344442221135804,19.201711598243463,0.2517540159711651,20.314825679642606,0.16550909647083967,17.86682264667976,0.1367553850433933,14.67817524292214
21014,62.85020948288262,22.611705764286672,36.63270516490404,13.523951940143908,161.39854400214813,18.225314925414285,81.19212149257146,9.219581002354886
21015,21.652271339172948,35.06965183895435,13.279721103763398,22.010931979273476,19.769260182536584,29.715241978269493,10.15515057203762,15.32454039888838
21016,77.00722975558489,12.621569949063058,27.796796804322526,4.495681279621873,23.73577475281767,10.904050629712133,7.4937532567347915,3.354833990065525
21017,10.827547814267668,26.649157649128654,5.678671336261182,14.775555734345906,29.4501232308038,23.13360956926103,14.555398076416662,11.103495584245346
21018,28.1228367995838,18.740252442569073,25.557852033136562,16.961914179487483,32.046034815936196,14.43352459291465,22.780337083902293,10.307411243134148
21019,71.62212224788955,24.26279723830087,67.2066405217379,21.019547248938316,2.6312714741497354,16.139374950931625,1.703530058938106,10.96573187167747
22001,141.51347706803625,40.8743563687755,57.90346810749931,17.183031029948914,239.29246534260687,32.27282231043097,87.12327409459638,11.520230446176454
22002,21.83917770409972,33.510190409204974,12.671326446599034,20.019717299040096,28.327456534032077,28.086544105719266,12.966193972804144,12.994510445079017
22003,7.031829196617025,34.45387096741314,2.894375872061069,15.036424197851117,7.341728589935376,26.6124593226191,2.7156920302847,9.743456482248249
22004,471.57966160653484,29.12287907567096,114.93014215208822,7.18151327614736,433.733568949465,22.53940443843311,92.06343802429441,4.787082275182127
22005,147.6337635473962,29.975746685166158,42.36097745427288,8.666003538234506,149.1963665713962,30.200656569060904,36.52875904067823,7.308067686456846
22006,64.42270942150296,33.37338505971888,30.658243563730707,16.518927696603193,77.84208516919708,33.14029172002847,29.980912187749276,12.912284112175493
22007,126.15146670817262,40.05531692086236,52.16781498769703,16.28324640577396,63.04909116286349,39.998157706835954,20.640208160584457,12.713192022350865
22008,110.67648283389161,40.0146600238071,52.74504273523013,19.15183305728333,80.28591230981509,34.40073876199589,31.264807856615473,13.350956294757946
22009,24.08130057979959,46.570804883814674,8.668771406308517,17.167915087505584,0.9277100594967187,33.40859514805158,0.2748963824866479,9.961601094419983
22010,18.79190110449957,38.53360686638793,9.868664872064196,19.609275309793013,17.55828656396387,30.900772846549273,7.318149551290387,12.591643743187701
22011,261.5708806894147,33.83048225259253,93.52707260605217,12.42207165372309,608.4486872769825,29.91161602848853,187.83939880560416,9.31215097619075
23001,317.87704549335797,15.61530421821772,88.1128550298102,4.338177606312858,289.96204856181487,9.313056836585474,72.95803068868665,2.3437997634412353
23002,3.9055028580324342,24.826962256896365,1.7740581825403121,11.179925543934786,2.188994225386433,15.51663824961472,0.7999258737018773,5.775180420779617
23003,5.169882417971161,19.68124687221177,2.433761804997342,9.487268274558916,2.940528802906609,12.749895305129861,1.212116257797999,5.032113852569616
23004,160.14857387857538,27.706056383160536,76.32982452530365,13.108245103128844,57.27293124210359,20.966563659680855,22.980653557257178,8.31932896523228
23005,0.857075383125828,33.929775610573785,0.33933465266439033,13.588687301940755,2.277370845908286,18.846407515732665,0.7418569392479762,6.225748100642547
23006,0.0,24.912582150573794,0.0,12.364644154921603,0.0,18.162194485359812,0.0,7.408888980775271
23007,41.69787533271864,21.133984346392673,16.282864886928312,8.45744478158656,51.31064986387547,19.933997325228546,17.226723802983,6.611422752726112
23008,63.742986161800324,29.29436433429747,23.235131492654446,10.692158077024002,46.99776141226933,24.276826858310464,14.726983381855899,7.555955148493999
23009,571.9895507419627,35.76958859921386,162.6402175927479,10.324320693530495,371.10196777530797,30.270031850353625,92.15828852946659,7.509094977871869
23010,30.57397299505352,40.9278675452369,8.245993635739408,10.39771008822093,3.2918689180144227,29.843087190862047,0.728250758487178,6.603049396642054
23011,73.71425920484978,31.276447731657402,25.160158258813716,10.702642798978108,106.97546821240184,27.579276289458978,31.068561521864765,8.069511662137568
23012,0.22066572558000525,41.58207859902277,0.09155290834238511,18.036222463998854,2.0404036108046704,38.693603985507075,0.7033186105102288,13.408765965552496
23013,0.4792118326958059,40.03364071440458,0.15695242241080665,13.317356599292431,2.2532570412607753,35.40418089993493,0.6181748091491597,9.76712741174134
23014,4.174738280925627,42.15704125258404,1.4658875150407917,14.495539524363938,8.224125926828432,31.773726801344345,2.428716072229079,9.220844382895052
23015,0.6746854925413268,40.504802538387636,0.2053206515431935,12.731365693145875,1.2501686657810795,35.274906982210766,0.33506592418816494,9.556606006878765
23016,0.0,26.569342060724676,0.0,14.184764404007744,2.219800191796164,21.350042087609825,0.9680297155793763,8.954376230286123
23017,13.575293799515304,31.24458440261213,4.519597674261267,10.575605589125594,8.380132837663488,27.739466258422226,2.502369293585468,8.271506425318657
23018,62.084447164928136,29.488752967112195,21.650678934354424,10.030250059324835,39.09317793328456,32.863769460354256,11.237807563604067,9.692770770064108
23019,190.33332570054375,29.977632281535776,80.33899061796441,12.59307135715858,184.02347903640685,29.09696188724873,63.995126856459144,10.131602482642714
23020,24.609087521438237,26.174867742580997,8.668630568284408,9.357703716484522,24.26127176438595,29.071698772773555,7.518585211609681,8.875746510571204
23021,334.0715346427494,24.188994964862257,99.44805513042043,7.265104951429471,392.07337647764825,19.158643551284847,99.16455997782472,4.8361763684829695
23022,3.6916941728829027,26.39413655795462,1.5884870453100117,11.024917131701697,1.3489928275110195,17.41633009904888,0.45555871017483707,5.931591797757173
24001,0.13223187671351733,18.21200805106637,0.06905406484265805,8.947967718905296,0.0,16.11679247850714,0.0,6.585339644216114
24002,189.9573425270826,22.991588011164612,51.855158984030695,6.263620784118766,214.95681660207458,17.76025207572063,50.50617466609904,4.185259699192079
24003,0.07121675245911446,19.60652851818338,0.03658126161455056,10.49829101100555,0.5658866077813982,14.142653101406047,0.250000920557246,6.248619422821434
24004,5.051027217216389,19.000147740464378,1.5500308191008483,5.8430167758681115,1.9272889191505926,15.886116883455973,0.49814453531064573,4.087095676758369
24005,0.0,19.886283254086777,0.0,9.213567478155056,0.1249525180431436,15.731214958010202,0.05081713960484592,6.149791989203917
24006,0.5913437496455646,29.479580281111353,0.2045264238204219,10.320143122336606,0.1980574525058229,25.71231503851871,0.05185162140020119,7.2131320049855905
24007,127.04801753110736,9.825014799567086,34.539760135010056,2.673463182215504,222.28179421914768,8.535064932942417,54.06557285417303,2.088477996268397
24008,1.764485439487924,26.40778752245197,0.6996415273794253,10.277251931474506,1.2612488722275037,15.761123679651252,0.5888683625098355,7.6663716045027535
25001,177.8609107233765,17.49276259402469,52.863104071765136,5.168460328579766,212.75118562455864,14.337261778550749,53.452246470654735,3.610600110733124
25002,0.0,27.185605303851442,0.0,13.851293921354888,1.6266480022726215,22.552943922914075,0.6405909074765761,9.335362197966793
25003,,27.52210405765933,,14.416727446406014,,24.81001925343654,,10.48659339784491
25004,11.818653024005185,35.14285732354213,9.609491193337854,27.785162809461994,6.840834226550203,28.23465735533636,4.8563925040483165,20.105498356264228
25005,0.663020829495594,40.084432910414094,0.3947668885338707,24.499233737109556,0.44149051154843844,30.346439128858623,0.22867067596002627,14.634756688097248
25006,141.228924951912,26.721827955295783,49.34146329115148,9.34306261508397,187.19363936562405,23.636459587507023,55.43044993256025,7.078273569902391
25007,1.512366694013789,28.231986790379754,0.7006088239294636,13.444439098078536,0.33647152162589433,26.07496544240429,0.12858326174089346,9.91792113815762
25008,1.699950609990597,29.335494725925997,0.5719661313573708,9.79119934228839,10.733761406070135,25.276094663080343,3.062425207134316,7.257496708451523
25009,256.4448515578978,29.549034158712697,85.18973373620817,9.924805074341052,163.98733290352453,24.3449873386729,48.59233164037299,7.026088569306252
25010,100.59690411097634,33.171501627115546,33.37714043976109,11.280403080493153,112.96555773259428,28.29051432350974,32.095804592314124,8.217250519347168
25011,0.0,30.481132956220062,0.0,34.89001260598551,0.29236688535709693,22.608574223263037,0.21624426952685755,18.938190982878893
25012,5.576773328649402,23.974852639570074,3.5489026787717624,14.571808362844152,0.0,19.444852196396862,0.0,9.164029311229946
25013,23.975121590700464,35.60211362402037,8.543626206810215,13.18903049662488,65.92913895233153,24.733471801598157,20.135501551083934,7.613884301044825
25014,0.0,27.810479495061077,0.0,13.193210408663127,0.49336679307454734,21.4431442081346,0.19804921884547363,8.314182839624232
25015,,27.627867391626765,,17.623748039791614,,23.9600698658668,,12.140121544007354
25016,276.6279483623025,23.440076087299246,88.62423773004795,7.412861182322299,217.50464126789035,18.715552008109263,58.443390309250276,5.071704708572227
26001,0.0,26.983727642957724,0.0,8.98530066740563,0.26279125743290466,23.779222053638932,0.07589248763232512,6.865060421791558
26002,0.0,24.352373452922414,0.0,12.254399231555938,0.34947145940709606,20.085829889612377,0.1493008201786316,8.763077948554134
26003,18.27225332753834,23.587630598940304,6.167318290713277,8.11418350986779,33.92858603728635,19.849577642056605,9.99123444698332,5.818481667889792
26004,0.232378631589516,29.9688864659137,0.10656180453364063,13.637675655908751,0.18348941372106267,25.097675781438806,0.07155938002629786,9.619451935558113
26005,0.0,23.745452391418432,0.0,8.387970841692871,0.1581432714782284,16.492597759675437,0.04832458658316178,5.248934598776704
26006,0.0,19.900041164776038,0.0,8.96170675828138,0.16579898531020992,17.696019015059278,0.06173792251890723,6.7449553055506835
26007,193.90840580699717,36.647200235956014,75.27026951324113,14.27523693389097,184.33669041929537,32.16021704193841,65.05350272549757,11.372882335931159
26008,141.72173101120163,17.17358841331671,93.65019084226043,11.414484883952609,117.98527986758488,14.207933027844586,67.71764330179138,8.1023951046639
26009,274.0427505064389,28.669152547064815,91.77774551175996,9.615867354139867,368.42498705895724,24.934311499171972,105.85966116390286,7.184885656388681
26010,106.78558779995208,12.734645114290494,36.00829745728034,4.295103524530819,81.97605222733348,9.032640633666055,25.404841020373524,2.798001761484152
26011,30.752402561354835,26.334488709330017,12.207257490389871,10.514667953165857,83.39450490696026,20.08641611046884,29.414092141302465,7.076885937648168
26012,14.552866680088078,33.96145780734399,5.15338224713132,12.358624569836984,10.611045535532433,27.519191026755678,3.3178108063884597,8.48824903387478
27001,56.94394904645111,15.206545456760987,23.161451271374197,6.23827817925909,45.52103062161523,12.183911287495343,15.622279427874206,4.164764699300355
27002,0.0,19.99071901017973,0.0,20.278124989341507,0.0,22.016010520096973,0.0,16.139472810200616
27003,73.68850856130857,23.353745439059402,60.94776979825707,18.87273828486755,5.902285543531847,19.727397059062394,3.581330950498467,12.261225554098177
27004,0.0,19.900254999641366,0.0,16.036491897953486,0.0,17.899659874181367,0.0,11.528700729825571
27005,0.9443029155877132,22.396848441115225,0.7306380905991232,17.07605308874285,0.0,19.965953268322636,0.0,12.095956562483316
27006,3.252153570873115,26.13799760156771,2.0712250939730352,16.68995241513255,27.699588965121897,20.45124060077775,14.366413848372346,10.673152034243268
27007,247.62086603711776,29.73476368551482,99.88289651127666,12.16234818566234,269.9548628000985,26.755659174180543,87.08919549891303,8.558512120739724
27008,0.628906167047462,29.705411224307888,0.3184443637638239,14.51407727094681,0.0,25.636748499536576,0.0,9.875434871802536
27009,70.99961639811428,27.970502369923864,45.539117073926924,17.431679035429056,29.549601005221263,23.758287232773892,14.19646350196922,11.616565897223271
27010,0.0,26.76103171319098,0.0,13.566845177224563,0.0,23.442922146917155,0.0,9.292545669043612
28001,158.19481607587733,14.852105430334518,43.71885844096723,4.147894072419912,221.55715086672757,11.345512294052263,57.15880192955693,2.9264947662541814
28002,186.34702845912267,25.4915589924641,96.3663467231976,12.77065415679783,12.879432600894596,22.98340189247158,5.021213200080407,9.456136608932317
28003,0.30403145712143015,35.48059816463106,0.11211600269078408,12.084641103257884,19.281347807881488,29.373954252484438,5.28630563861154,8.15082221516909
28004,135.433360148512,21.677217162259378,48.96086022972801,7.812450662712892,77.49918771694944,19.60260950077568,22.821499200067972,5.620064441001714
28005,0.0,33.10538069623177,0.0,17.233540362021746,0.0,25.820775682188597,0.0,11.158009940287869
28006,0.0,17.689165509695886,0.0,9.583090016676337,2.4110607799028028,12.962484010747712,1.1364446265997725,5.723459230881174
28007,38.38211174343172,29.061544000212933,21.879667232101998,16.193368672785436,29.45114203299506,23.504729160494897,13.5080285877359,10.825604617697673
29001,15.174987642447622,23.15502597994051,8.17171139837508,12.342094885015836,3.607368282349259,18.87603594066948,1.5859662651908077,8.33108217440056
29002,18.037750156481536,14.039056618716597,6.73142336767904,4.991599868412459,154.0982527211754,21.297427774916123,45.37221823924667,6.385713683038161
29003,134.0924209555925,19.372500120403984,53.99137325284696,7.736953496072999,96.57382086134142,21.91425770048962,30.10155840525325,6.886544995125978
29004,3.7164564179974495,13.376921433499728,1.6648076045851141,6.04516663114557,3.9160130282496644,8.919259168416069,1.4892659681283198,3.467794426361274
29005,8.644451165487808,14.900015888986475,4.214251080793607,7.268876338313004,11.774311840740724,14.864780921700698,4.6841763779635945,5.8087223913275166
29006,98.18616066385064,10.714613428697852,35.71012843526039,3.924716499495262,117.13382756202299,14.64064678300209,34.67091259063379,4.336514563888142
29007,81.96477812004746,25.36486279772388,36.10842232714912,10.89492132903217,10.015541537085358,24.847932018429095,3.540860315513632,8.786778371634028
29008,91.55060735503787,16.779137016982027,72.39086967239035,13.129686785528136,101.97977679205286,19.141267561742918,63.30639533691621,11.85630265729959
29009,12.091380270478155,17.115425941400524,8.035968349104913,11.295469446298357,11.73688592639105,16.127805235452396,5.7770523562642975,7.843960431486971
29010,0.2357555582923158,23.269458778554228,0.1483866722085223,13.719337842755813,0.12088653348194317,21.131654212083824,0.05558829088240853,9.426027806498155
29011,146.5365763524495,16.669089525461978,89.6411964075485,10.307391560090807,311.5163589416775,20.77896955301467,145.79395055088597,9.89600158823442
29012,3.4151439340619194,17.595749795210214,1.823034397802291,9.285622833312056,8.90647000849759,16.47506592220165,3.6956120562025885,6.845421887756006
29013,53.68536893785243,14.237926121986394,36.061358986896934,9.722023470213694,34.85793081753569,15.558942205681877,19.2843999350272,8.585348611192176
29014,37.94728102099879,25.54374580267974,20.96157811709258,14.10386223499706,63.569359274670504,19.737211346676713,26.529141973179204,8.368432702017683
29015,14.728704215369664,22.43994417998035,7.152703874383215,10.779190826873386,7.683617626265894,18.528261867129785,2.828784996133858,6.876983977673195
29016,179.95702633280334,21.619422281822118,82.86815880629918,9.86774125868133,49.115519520902936,22.877985203520467,18.606719695990577,8.49196519172418
29017,0.2896091460274468,22.13467483958494,0.11751515218585165,9.042529805880749,24.646992734842065,21.99389210168706,8.060769664012543,7.518738935474368
29018,141.0728380201537,18.704012185762565,57.86090419165534,7.703092675186288,162.4758404883744,17.140944966264435,52.75889923409696,5.567780047192844
29019,1.280434618272749,22.710432129342294,0.8439207464962446,15.311954970983566,1.9263245607236703,20.71418822691455,0.935867964633031,11.161125020003983
29020,82.96986011018498,7.981721524272336,31.01705883294457,2.9966603875178746,120.75595006520774,5.778979874138325,39.633777282397034,1.9004569178749038
29021,80.21468863832149,16.404810040904767,37.48477756623349,7.614792849682365,60.04108532884924,22.182228997952755,22.690720313909605,8.249077791492908
29022,12.790104590408784,18.709768350937406,5.6262179401792425,8.24799411044909,12.288828869129713,18.514972275979172,4.244592341666889,6.556244583237136
29023,89.77127506167085,23.30162196183077,42.35491831554281,11.335999733606828,57.86080386767141,23.512312052360908,21.3042439120939,8.592841889419937
29024,13.012347014521701,23.03120460331387,7.074781667586578,12.755014803347773,19.799092302317685,20.300853002302354,8.50431144684784,8.70449222383108
29025,40.53585812413277,14.974348637766,21.761922896426206,8.242103860888014,88.79500069481017,17.799567547944612,37.64431929009709,7.7291282494751625
29026,161.77585427785752,23.408248080443087,72.23996853393166,10.458660864644362,160.78468569765707,21.018602250715205,57.81919966600066,7.5552559363221174
29027,3.292663300401929,19.130520281896025,2.04567559098411,11.962772462991166,3.0351628228852188,17.439397507217368,1.4581176338084667,8.513516001907007
29028,60.756113841012564,24.149727473250543,26.378974687039104,10.697240890146844,60.05873517644606,20.410295970328207,20.404973614461216,6.923887052903889
31001,85.07926585363063,21.00060074086281,18.64205576711352,4.602513230772212,108.61976051728121,16.8507899856997,20.32855591914013,3.1737089413245387
31002,85.92336171761248,17.15870340635162,16.551983825338876,3.327734482158451,102.16470228846671,16.73433629393353,17.112085174276626,2.7878380455864096
31003,129.82578915569718,14.44855139049366,31.692303324991805,3.519325859384358,43.52796571672993,17.521388727090617,9.479490017582036,3.7425952908996125
31004,2.0576472538432444,17.355901771007094,0.4401401626799439,3.7948982155130584,3.1059037408045245,15.535791828610229,0.5832661791229341,2.9235307453504777
31006,5.648895653649977,17.78061421673499,1.0154501392919488,3.1811446289055683,7.51899179590443,12.73905278362217,1.2018407133140228,2.0360570327272085
31007,57.50294367904193,13.49078081766135,11.858885444545884,2.7838408279539246,74.62111451488121,15.37760112931678,13.377671528178231,2.769470537666013
31008,28.087786480303834,17.2613334855039,6.946387603229729,4.2471284267130684,30.79263138653829,16.685000157322943,6.3756294657800225,3.4756784256143276
31009,0.1969993065624409,21.788030969707876,0.03458915007540435,4.046150286676139,0.0,17.432870206916185,0.0,2.801430439790095
31010,524.3722519121316,17.979158739542974,152.64329894350982,5.224746948423337,316.9654094999636,13.072046788003055,79.85464212100793,3.279631005003927
31011,266.0126160585626,18.42187807866149,61.936118427296556,4.398636983620149,302.44167574747115,19.4973194149843,59.77619889411842,3.8894902518015657
31012,79.0599421179198,15.816756133561483,16.56687880929314,3.342324446082239,104.99791052456196,14.363781764453678,19.83213071707427,2.7191633241153434
31013,94.07004001447135,24.580639793154617,23.03860017754519,6.113445460049631,86.70246179842718,16.311632997026813,18.832187808959937,3.538301120768057
31015,78.70891254231952,19.38193375251837,18.14782193008694,4.508738139257783,88.13412674064357,13.278258515757084,17.418346930549326,2.6334860692213224
31016,231.86082095981806,13.323963960341498,39.65584692218552,2.2888351193407197,219.01287788035145,8.982133136466173,29.912748604718413,1.2332756691890991
31017,89.43533353703377,15.611299380883768,24.76163679840398,4.3231264494862165,75.41784495844573,12.628723588326004,18.79669222249419,3.1571142763906614
31018,1.4075067494001374,13.333184760723938,0.3457379548618033,3.2537624647533683,0.5068704534948811,9.26123746651615,0.11742843850921808,2.1512428142510163
31019,83.86875316945513,28.003765607194964,22.820151951128192,7.625617091083664,65.08477203410871,21.10159188647698,15.018537996249187,4.936513911942605
31020,3.686168859007885,22.94365792196143,0.9759033214009538,6.439363401127651,4.553403207764279,20.092479077817885,1.0790006230316251,4.803144707744166
31021,1.28137421015836,19.132334262076306,0.3124322582904393,4.6690159733931065,61.3948312456712,12.294320801569878,13.274208543262695,2.696510501146535
31022,37.854935680566086,14.47209063448847,8.596434342365846,3.371707501896764,36.70167358424826,12.786901680294164,7.650619848771131,2.6062597914786148
31023,128.05990335860483,17.91866022928508,30.44741079840611,4.276313810176488,123.12910653076078,12.172930409462001,25.515162876758854,2.5291050638470103
31024,159.1636505113484,19.978645292600454,39.10804178411908,4.954958531658392,165.49321973434434,17.554332114122566,35.98544691276662,3.8066272668403505
31025,0.24460882157254119,14.306768433002997,0.0683302812474376,3.79788021608558,0.37696981322942935,7.925220602422213,0.08475421893734564,1.7967093183628617
31026,18.738345149785214,20.85353914658978,5.233881885053929,6.030251105097191,53.10469834053251,14.727746575282577,12.946544247040833,3.596439076943118
31027,193.27196486707547,18.39874239199083,61.017869011612206,5.858398234658568,123.74351788716973,12.373902621692505,32.09289797523738,3.2055239073911634
31028,58.007503185244275,25.7313053069653,12.342144146910519,5.4831569009533965,37.57856308725054,22.73172255348282,6.8409632314324025,4.136686470501377
31030,72.59875736101543,22.618902902380917,14.343777965653501,4.54909087821916,144.19457173812827,22.550621200885672,24.892768986780958,3.916305247152424
31031,62.421814020716994,19.01617972084188,12.00613227950804,3.6464128577884503,87.64513395684268,20.079398048089896,14.683905558060022,3.387361785929947
31032,32.026460968363736,24.844856676601424,6.367001094719427,4.993527422164515,68.03995064076139,19.34634197163674,12.374024017848935,3.544327284912865
31034,7.533271543400339,26.746771985936157,2.0662557623767723,7.2178996107535145,10.458018537170068,22.701394086100716,2.449029242523888,5.181838128348049
31035,55.73022706773861,14.949944043232236,14.496070667536019,3.8766467508106532,41.93220586425963,12.601192783339366,9.92855057251382,3.0040677833157567
31036,270.83145214412775,25.28496159844261,74.98357945063964,7.028483556398799,219.57261762866762,21.8552716012362,52.637111716054996,5.22912572192843
31037,234.09577989913635,19.81341745313017,55.9655517052,4.7330571234866445,154.87606855294155,15.523376844057491,33.52131851862168,3.359110360364597
31038,2.475337430577257,28.918187242053868,0.595584484530801,6.588299778438722,48.87414023442325,21.7663037773428,9.628980963925589,4.328343739650073
31040,117.41616372275536,25.576727315015372,34.66970706032833,7.62242043444005,41.73475740989759,19.88884445642137,10.53853190903737,4.959741255907352
31041,179.68030220627003,14.655934000840473,33.28323165002703,2.7359592919242552,127.34922363599033,16.14087572159819,20.677460892091087,2.649614411478876
31042,172.7668615254557,16.405130205192116,45.20968858895977,4.280584543938143,101.88450854061897,12.424623873542496,22.09856977262036,2.713361763584537
31044,10.412497405415106,17.999403638329348,2.8818539183736345,4.807086062539182,0.951614409776276,13.203757036522852,0.22410008377396512,3.1459767242421566
31045,4.757922016272681,22.58545478808681,1.213898789964042,5.662260126583743,10.122599118322436,16.5947316334901,2.2168115743684647,3.6818588755800636
31046,0.0,15.91038988278024,0.0,5.115819215460158,0.0,15.301482219622978,0.0,3.968037280596568
31047,0.34458518835026397,18.474359650131433,0.09181050312155711,4.567624800160779,0.0,15.361881731132822,0.0,3.2413273757873244
31048,84.05389567615762,24.013712393086664,19.013283122497192,5.457659930108157,104.41613148579967,19.836772587475522,20.56996185030994,3.927367086477209
31049,109.0047227307636,15.918262179125477,53.60963478808295,7.779996890975556,73.31081949012403,12.58009023684791,28.813347915416657,4.9812140694673275
31050,33.0170585408736,18.052713182120062,16.8112659520583,9.096175047836383,0.5252321526114543,13.14268314540342,0.22431583669807087,5.1744863308172775
31051,14.074217121132431,16.089232439079552,7.995979160632781,9.20023709178189,9.043146888393377,16.40942450862968,3.9507525918810336,7.1646197082311165
31052,87.03813745385453,21.94735171755834,24.24333548415687,6.138938105324923,117.90900045226493,18.110956708806405,27.693521892756877,4.249364940470489
31053,1.2837563871447606,15.908571386611367,0.4730863102099687,6.214097524811702,2.990882791602813,12.179934117227004,0.9959680659436403,4.056175647231596
31055,24.34529303458139,20.833267188884236,7.910427587912732,6.922601872467213,20.532517213057208,20.02970912236131,5.8225997087121115,5.698531947862122
31057,164.59369822614852,23.952923296693402,31.861906015967012,4.688540746687828,235.53920890146017,20.722457742797808,40.0247640200706,3.51256148443214
31058,5.0930786479336,22.95328938016617,1.4004730495540072,6.294479779410149,0.7309358631964372,21.526477343649756,0.17495970268199762,4.997695877714797
31059,1.6083467778163738,26.569669545374705,0.4337403804340812,6.8883057623477395,26.573359063804197,19.323787742760164,5.727838754931681,4.192809626915948
31060,16.461015189251537,21.299346550659177,4.790232443310055,6.125089821096555,5.086390977592641,13.372062954574718,1.2323309512936336,3.221241637166459
31061,47.3290009160154,22.494244846178734,10.546446936356393,5.029374318465111,135.50474600649437,13.518544358884428,26.05413946529506,2.6246665537814877
31062,,18.636231393290203,,10.53411900369646,,18.017989235084816,,8.144414499939232
31064,124.04747084075044,14.518741725862775,48.59310603651325,5.8146598504917915,155.93669170127623,10.598845946708826,51.494247325962554,3.538834553979812
31065,0.0,30.184989130758925,0.0,16.548474740163932,0.0,21.357457374737777,0.0,9.172631401626235
31066,114.50815069259505,21.985176464572262,32.52225676067973,6.2108411055857005,133.13461189851103,20.164062210412236,33.3453774208885,5.059901825410769
31067,13.45077663076805,40.12225092643884,6.583403553444249,20.76892633542972,44.077307503105835,21.84524826683163,18.80368434862905,9.347203207733473
31068,94.32287673909764,20.571293476219815,59.68119944928972,12.99100295906694,111.50072496984862,19.939649001760053,58.33545789654573,10.491409648350212
31070,53.163309496422,21.968235853409542,10.91281770509778,4.556235317151671,48.17995265861342,15.655319948640052,8.990691456680546,2.9198813616799315
31071,27.761646352913665,31.068393501618253,5.801089319501272,6.424370536756944,51.96457976217293,18.91001414011337,9.717627875211129,3.5541172040622113
31072,201.20955964825762,17.30141687828815,36.17904100580686,3.110449127766738,187.97013381840395,13.761696330244046,31.88749784909966,2.3247789112666664
31073,1.7949406581487335,23.348099991802556,0.38780539506307304,5.0590467384072175,1.1485764487008459,19.416079252843303,0.2188788101927877,3.727048716870883
31074,31.492856436664567,23.405957094661545,6.053817156032912,4.517935792138122,16.27511128667235,21.710115467348338,2.7700033189989997,3.603709874953311
31075,186.48654013142476,19.96900207667568,33.087996195590996,3.5474420792478187,208.31117757482457,16.97307899600044,34.24864820292444,2.7951973631282123
31076,43.852001157746834,12.78028939432965,25.41929620095441,7.180338088995143,35.70777935510698,14.960777534544663,14.986524655762379,6.48170388777663
31077,0.0,26.529551457273058,0.0,7.248539723640107,9.422175816949181,25.302367066342885,2.068689920276466,5.8901359129804085
31078,0.0,20.98245111304931,0.0,4.640716158084675,1.5931605749541382,18.84286193870735,0.31589617512086354,3.682346037182149
31079,2.8390414403947113,18.76669585310075,0.6372079063705178,4.184229995949249,60.59043174402896,13.396137824331348,12.021689493457686,2.6778790744693284
31080,31.31379593935461,22.429147667065667,10.588378970521156,7.652073492350089,53.14949626899303,15.123023632240287,14.79916631441055,4.2178172463505055
31081,61.08981719017287,23.11282814784615,26.531804458353278,9.879471645739866,65.8340095962497,13.4952946473972,22.114572482121336,4.683322444046567
31082,0.7922115404025435,26.895821053674894,0.1570666205266382,5.227020688751051,6.855604844339743,28.010587846397968,1.092122670029957,4.589752555662024
31083,38.05065010028802,23.210247147303495,13.55026042414281,8.238202449076041,1.593209636573861,20.703963228096413,0.42745537578034615,5.505017717615945
31084,49.56377208321792,19.630041481615294,11.053843095210803,4.336152490267246,24.224808414843487,14.53252983188073,4.958937618836233,2.9673689901471656
31085,13.901929013751573,21.178867981515594,4.164920984916143,6.485060414439484,7.896376281492264,18.610280323696507,2.0680320732832675,4.7533524072077915
31086,8.351312449074609,21.31987541353169,1.6846506897227322,4.299620550706733,7.887734510015749,13.326477029124893,1.4474097113090396,2.431236764498592
31087,14.929483570283026,26.774240745149783,2.724084092042944,4.82179773002758,7.380723890964058,17.81267751473468,1.2094282026191205,2.8972067808426942
31088,88.0289202082555,17.79861310201102,21.16703977816584,4.386067122340117,141.81505848562153,17.00834767802544,29.837945949181275,3.614980568168101
31089,0.2521254172675656,20.31460249129391,0.06129854845037269,4.674577769229744,0.5031864182327555,18.564716026758838,0.10261464425250821,3.6800731010068017
31090,211.20163815751212,21.362464022873816,49.27610542901665,4.909924536526323,1.0600413828144686,18.021457966571568,0.19151907366551843,3.262279425491415
31091,23.749431562049246,17.30971336245225,6.448410821317063,4.670740665656908,31.198675404599477,15.34911534411501,7.16044206000525,3.516468118297649
31092,266.59641083311067,14.65126100039042,50.33317463623009,2.778586369443045,234.8658425831038,16.690141064843647,39.50952878383325,2.8056281614561263
31093,72.32619989097198,23.141489262187974,13.866569059207816,4.4527171002204495,88.53623175801374,22.372836778554777,14.532657477811869,3.66622000673747
31094,132.86324382324824,15.8826287991663,69.32186045866437,8.227098770232994,148.72082389035245,11.798100263417687,61.616310503991855,4.883001346888818
31095,106.8254059862086,11.11983517776082,38.78042247105172,4.003512805061394,133.4609356838,17.394877844064656,36.982098265250784,4.981485652765516
31096,3.304390059072042,25.333988788984392,1.5672030404613304,12.1306902839053,17.986561695529055,23.02853265284209,6.792894210952674,8.958682684429654
31097,269.6359617919662,14.58223605100296,66.87249898654058,3.6163394680386585,260.2033511752604,11.7491812147195,57.779876602299794,2.6105761197185675
31098,0.7126669422312176,23.535795453867994,0.23250406882120436,8.197455122687957,79.7661717833244,22.20279359519916,22.60722078841483,6.513358251101893
31099,297.2540954859862,21.851498049693575,106.24366070467651,7.998230593470432,343.2588788441784,15.65429267549235,104.38111960816612,4.785149046343669
32001,79.99141240921526,29.066294234320132,20.153639561135222,7.290616464178926,72.1151621689977,23.713206592157533,15.703244273034741,5.256334335026707
32002,129.86793377037128,17.01505287360198,31.56770969045838,4.155625646253143,132.38150658821684,14.653194494130027,29.21999932480229,3.2357728747179775
32003,161.43809632188538,33.77989505568652,47.01768636418073,9.816530142445012,170.5176194884204,28.041968308957237,42.71177079655778,7.100020799269815
32004,132.73077255199297,28.62117736926121,29.358056309775108,6.317243761007169,208.4935203053866,24.03571155239298,39.13642503954217,4.541141333252116
33001,31.925413308293102,18.28239131942147,11.93289669098031,6.833972557419216,30.959062013720775,11.819442706635213,11.67421810215618,4.44560266283157
33002,55.588757805508564,13.73279156089388,14.690171886070647,3.6448343291781504,61.05374870918459,8.882168005432467,15.207178979474474,2.2188944794519885
33003,28.366733832990498,19.419904633179236,7.818196341778606,5.424151941179595,68.87098989102796,15.399794188994482,17.07584945626241,3.8708212726564577
33004,52.58231446003732,13.93662639938784,13.777886082432106,3.643231653741509,47.19845830496034,12.15868668701973,11.375874062197543,2.934280595379912
33005,52.732943721528684,11.105977300359402,15.447432365437692,3.2399188144286417,33.96427562632185,8.03512639314104,9.171260067058117,2.1776252370385643
33006,69.40314411431297,16.79933861536997,20.012342607567817,4.9293356444781455,136.46976200864052,13.14723925954436,37.09922887705944,3.5691755453176333
33007,118.6324501726263,29.162831796032414,32.72668396043486,8.142803445170955,158.17869185973257,23.01107983761084,40.081059521263164,5.836735084873297
33008,22.43733197829132,26.260927272310518,5.891201745803786,6.905469054690551,9.5294646428021,18.119085426333918,2.4316470575415052,4.609554994911981
33009,168.59757470011783,19.460950055030057,36.96860277834363,4.265039338953696,156.58220103609327,14.493922493757292,31.41927584412947,2.906505887914475
35011,106.63143654034126,12.51784069159413,25.62510301786061,3.0167925739502377,109.1333777323705,9.25781059786885,23.82523345234252,2.025024769371433
35012,72.32483647330166,15.265244738142535,20.017475356823297,4.258592893422579,114.19903078141661,11.86954945751212,28.250176396319723,2.944572673062713
35013,135.2674675611894,10.738067734663092,30.569024506592378,2.4428214454314108,152.49392532664174,8.422826407835581,36.31007358113012,2.0108444026291057
35014,95.3820458990777,11.919470342115753,19.11664091261123,2.3916302352773204,109.14898034161845,9.512297428488292,20.0825789390993,1.7493845046700267
35015,66.06867752623361,8.873290760082792,11.259104064624141,1.5171674778540352,72.46506239782141,6.857882982048342,11.620356079608541,1.1001047145768443
35016,78.15336434381275,9.416363928096485,12.765259746055937,1.5441404590227361,87.8655423173843,6.1830665399510405,13.06058959515201,0.9163468243741484
35021,253.95707678643055,18.06739216013625,38.257544841743304,2.7320776959196618,230.394069724259,14.30810852541608,32.081226678095234,1.9927455904260516
35022,15.808826125238989,16.739959707289856,3.0154180195791636,3.2813612020277145,26.71286805899708,11.892524488745025,4.559758507701148,2.025722448000379
35023,85.47434953691678,21.65172483271269,13.92237870119003,3.5521577273822302,40.98448927769475,16.830606934842987,6.201598271736192,2.5316449982495333
35031,116.1759864799774,16.96458556005867,18.57380476955123,2.7147573146117674,111.80935699321265,14.270373003663199,16.789577345164833,2.1398469074827298
35032,171.69765760298708,23.07349136307453,29.85121497990206,4.036026524233517,4.736926682988246,20.516372304671098,0.7395118264778997,3.2265514524582386
35033,72.07575493609886,18.196066763762,11.619741170214095,2.946043985823791,73.11888354931754,16.93481228688865,10.71296212934144,2.4813501060967105
35034,108.72634085074897,18.094719692603,17.527396184884065,2.9234774241424466,125.49797974520746,15.789908404114335,18.523142324543645,2.336077136149048
35041,92.42495637988887,13.49639871797245,21.895249304718604,3.198974270747365,81.45212361128941,12.751871187705188,17.968061962794305,2.8039393530980745
35051,74.26726342920676,19.215700930725255,12.802613968181669,3.326950694740953,91.29909212327433,16.864524295223394,13.909229692283645,2.579819183030451
35052,79.24772438670496,16.63619671285205,13.357847969542929,2.815361070813694,88.57649375261096,20.03064202684956,13.275101917507257,2.9906622554182496
35061,34.574181714934916,23.772113542460183,7.1589094264433015,4.912318974928393,20.51292755929604,19.190403641374772,3.700564109388732,3.4536318341373016
35062,157.63620253660696,15.904011001453476,26.127658129735927,2.645206198679259,165.12432753137688,13.743489887249767,25.362819803965564,2.1107802872145336
35063,238.24545516839038,18.784842816108156,45.628234569517645,3.5536331998438984,176.16400414828314,14.521324017284742,29.95428504767235,2.471959408625578
35064,53.088149696900864,18.418324566423934,9.241028829213452,3.206437732399068,17.58025625328351,16.864394959630932,2.8337122856784234,2.7123174694499674
35065,37.96252456494727,16.697772054367228,6.909432644036041,3.0241239094391834,34.00186158520109,15.54679814862947,5.689122779211145,2.606178148990016
35071,85.85983387260501,21.587749945785916,13.078097528644232,3.308923977159629,95.26373862220217,18.620199465180114,13.12404295436183,2.574676738850426
35072,64.31211273769641,14.035678852327052,9.98578130129697,2.1823733292538043,52.39925666038863,11.654966554367629,7.7167799748806125,1.7162536949192397
35073,2.4014735409654975,16.5741420543964,0.38546691212872425,2.688738384940392,3.699570097374086,14.516459955733843,0.5558336495241212,2.19070303468547
35074,26.677101926205378,16.56665820678223,4.0449092760961385,2.5307995740145475,58.2561855906484,17.73288642813226,8.153738972922278,2.469355255495529
35081,116.22754234135161,15.74423801239179,18.50145968853476,2.5105175104627233,92.0259373573608,15.25926017670092,13.418881445735675,2.222378512197143
35082,59.442828752237446,14.886248393091154,10.811716493428136,2.7010775739643784,62.3114210353492,11.469891783683948,10.532865690170746,1.931795080273389
35083,38.42354568962462,16.189581868049086,8.376500619217772,3.5446193489285593,61.05788153060434,13.470444322125854,11.958498847401247,2.6299851046734766
35091,47.14475878612684,13.05647702174485,9.317198769006303,2.614159395356976,63.02546342251546,13.325843345216123,11.317502654847425,2.393209834487229
35092,117.00676640022971,18.609041487004287,20.703451362373052,3.3118864183945513,93.67972737409104,15.419299468681597,14.937141280952767,2.4521363835067254
35093,166.9205622429383,16.809923660236134,29.73342640340955,3.001341271769822,197.50193247542768,13.594780045123128,31.56474467559521,2.16875864771966
35094,113.35077201362448,20.904908357374026,21.6018501407721,4.050373235716583,176.992921161558,14.69220320728805,30.582264629107154,2.5343439382147355
35095,80.94109341294535,26.006749957629935,13.572660554008198,4.341302174080565,10.698052147563905,21.203679198112244,1.557752464266131,3.0974926881624762
35101,96.35691283477405,15.42567639217544,15.354197685536032,2.448249627325196,65.0044040826961,13.286351601966034,9.427736280425936,1.9308481310885008
35102,13.474416807090934,15.872955425449623,2.141097478388225,2.600621728932028,107.92034274700057,15.676706866587477,16.275999811340668,2.360591899625077
35103,113.50486744508815,18.080647006711025,18.1182198320667,2.8940694994087406,127.05168800185923,12.142615925114207,18.671247681408982,1.7831068802619328
35104,261.3396862575117,15.683428388625217,38.66377787479811,2.3341433709850747,290.8751256207411,15.401203327960454,39.88754863207539,2.103954405608358
35111,92.51092180656185,16.488423024711643,17.384372438012033,3.107970808435485,65.68134179697945,15.420377096557173,11.049891467410097,2.6011894000551616
35112,161.13083111869133,13.959445780515361,27.843403170987358,2.4230079095661363,176.4035615711219,11.748016443520918,27.514651376794777,1.8303128731012963
35113,1.6976174030260225,17.788164737984427,0.36859471791284304,3.7652131397110415,12.07187223239243,19.653859096021794,2.1337859877621406,3.5929142574753734
35114,69.09308382652111,17.13383417435004,13.121817472385565,3.2359941559721714,29.15821992004608,12.06646073337558,4.96108403010063,2.054488621268125
35115,82.3085160993321,24.402364978193525,20.18347554863668,5.975888721020643,90.98626158284895,17.836028869029757,18.64709789012479,3.6307505784325853
35121,114.67396129975087,29.911936752339322,32.94936332563957,8.703096277996131,116.2499508367682,21.6888430879233,27.891413666487622,5.215564957564319
35131,26.940149934102813,18.27631496329147,5.067536543267471,3.4399559715599715,26.32812096559816,12.683746396979704,4.538485605156254,2.1929487923477886
35132,234.64226868763694,16.213589601588286,36.28231693459502,2.5091453248720503,220.36166680178474,14.545275880990419,32.693518054576394,2.1587154485615496
35133,17.670897675388566,17.47227322994106,3.3757486188181014,3.3263549390485876,23.244671711143837,14.777681021059507,3.95011651845307,2.5034063708552106
35141,173.5501426896161,20.64325536204245,26.367488966314124,3.132349723056099,157.50700272582563,19.118686793104274,54.74067277620698,6.3206379773093175
35142,82.77191410697807,18.292905880073345,14.32036054459101,3.1719538883223226,69.65348917300665,16.370399438406086,10.849611783166475,2.5619163127191578
35143,111.30517538799643,18.20999355797555,21.015173914964645,3.455974276031097,108.05547893600222,16.435511754633627,17.924858165526164,2.7187088627749487
35151,146.51742086922576,24.86302927620663,24.344922438875358,4.13316169027407,157.06311844896345,19.901793049905386,23.808127303798962,3.027178529743058
35152,3.179861882329181,28.78790796622934,0.5012717275234484,4.74767916873164,1.0441749697330662,27.64818240191987,0.14752629853605242,3.87470609034328
35153,193.27293266454652,30.010537915940027,30.128110349140016,4.675764767000356,138.13198726092585,24.305632689913118,18.91466223950279,3.3286918115236936
35154,4.93951174390943,26.037658939914166,0.7612413212121397,4.081786614977258,0.8533097905307764,21.285894197997045,0.12046219177871426,2.962645459589588
35155,250.96721672100404,22.07851691516318,37.05967279744128,3.267970811402215,271.034706842951,16.81593816470983,37.13041347278571,2.306630414751771
35156,7.497050645088639,32.670977810494094,1.3917571885823667,5.930780328199466,0.0,20.98089503914781,0.0,3.4669782295231033
35157,48.49103974987311,23.88266864883507,7.455005190089363,3.7448220962818506,137.9700103912732,21.662113255112608,19.680907000840982,3.1030310378846844
35161,47.34316850526677,19.231326136298033,9.149542483588103,3.768642878506039,7.453605247021732,16.58309573675203,1.3183401350431205,2.8915037387100835
35162,152.07299807373334,20.802292950060828,38.80274289550583,5.316695751474322,165.1091739694615,17.547243505359702,35.00954664850036,3.715402506930343
35163,90.58830478037436,17.637944159365748,15.688455839487709,3.059872858101609,118.12167437709671,15.504814478413849,18.751076059363225,2.4703624231246826
35171,66.65858538817238,12.49563834392144,12.193296917062888,2.295763720106092,98.94364459906278,11.661006263761507,16.907336089538934,1.9946698231513773
35172,29.938502201395067,15.324582661254233,6.594170947108664,3.3969697265740253,34.06817607041862,11.640350308044233,6.713851145020016,2.289266918186941
35173,56.74652947121389,16.43009956968369,12.646354961072465,3.7501854857591517,80.12262297502774,12.155285034516046,15.739110676237063,2.355121741793873
35174,131.69616553182738,9.508989432354872,23.41738126199502,1.695739145004307,137.70591190132302,7.558679569795115,22.63927714478425,1.2455436946964937
41001,52.89381469274572,22.496921802055866,14.5748155152049,6.2869720854039235,44.70944663312163,20.463786094229174,10.719617863593538,4.894161341358926
41002,50.83844730167682,15.863496829443672,8.10125820080522,2.5298366121751634,48.36506069721079,14.120057235947034,7.281317707005923,2.123618768889369
41003,299.9745829581,21.119108081849287,63.2120134920485,4.467924516727808,290.14673964373384,18.52122857740659,54.071657849310384,3.454944620952073
41004,0.0,24.13172201153815,0.0,5.221135947285121,0.28397151197791837,22.38299571707772,0.053064473335102155,4.262578409416065
41005,117.66872496426062,33.428725341698495,26.359651513496317,7.502438725950273,131.99412119719898,31.620843827787734,24.46869620724992,5.88051883056156
41006,48.786062757609116,31.09601643288966,9.891548031923168,6.457131963863677,152.94452730020978,22.348490069936894,28.061127621177903,4.1179153243505136
41007,65.81583107931436,29.167325098323182,12.673112031659858,5.654951863936159,170.07886268228046,30.331250351413686,28.455032682582225,5.086283625839554
41008,127.43698312551257,33.26639255118215,22.45890269837754,5.94648264362227,216.39769586964894,29.658502236860784,33.271102338722514,4.556516425319532
41009,56.92797230330119,29.773117113928144,9.835295562565335,5.108078029845958,135.27484987752737,23.589104059028,20.033917083062597,3.477948850645347
41010,5.41090036818611,27.72928470782784,0.9499504931879713,4.806124428306715,1.9578189014965495,26.596803796579703,0.30740712419476246,4.057275491367541
41011,15.149357043425816,40.87240103546284,2.795358292703556,7.600493962683599,15.886674466428904,32.755717841188584,2.5354057335622238,5.119162594997725
41012,238.72405151364333,32.62069594767792,41.61026689063709,5.6811539661277815,59.16671204479145,30.26823977109757,9.241929266408034,4.565548154390154
41013,0.16040447592649626,32.28693850512012,0.02735738594705799,5.586168314437105,65.15863129823234,27.10042110799292,10.108854034404539,4.295964498648729
41014,16.48385029770506,27.585698076154937,2.9781408499411173,4.972983091593834,69.5943546023237,28.11757894756314,11.18050718689824,4.553178741500571
41015,157.045954868619,27.026415093898763,25.40123128658962,4.3744934479347,142.26169918481122,22.51996551059665,21.74113009879319,3.44533184149995
41016,214.3198055558083,30.552057168598658,38.19803229874711,5.455686350026475,206.6286880863331,23.47223884773056,32.99420344050868,3.752799364813085
41017,178.08019177029132,24.90649027570501,29.78684840967091,4.18173957990482,162.71614476315426,20.148399021638777,25.620951242682814,3.168071088860187
41018,47.19727364395985,25.64482415382918,9.35601291737116,5.182509903839592,94.11642961355116,23.634169277016483,16.063436816502694,4.046140839726813
41019,8.955338000495058,29.758046534412777,1.8738943867361708,6.131094290177572,9.679497702180843,33.36121539564416,1.7221035862174923,5.941542990982967
41020,8.50468020936104,33.43954696087979,1.3331871299307367,5.277511390809497,23.150183592337065,30.826446336395886,3.273194061544638,4.325256908658205
41021,13.963354682651678,30.283834052744847,3.45173862166988,7.351218213103453,24.82712258283582,26.711956204977064,4.854068484877532,5.441230232912413
41022,70.08984326183759,34.328902015907126,14.321404994081124,6.99747506258595,118.01515886370103,33.83608393649461,19.176714665954698,5.512740138716945
42001,165.02516053585276,26.633904460236202,26.490985398175557,4.300977350808454,180.3910032489053,25.896110786004023,28.28109096945669,4.041913984189135
42002,208.9891745886996,25.86525485190499,31.871804842802636,3.9575257906957244,207.8564321467232,21.598687756695874,28.083077959119993,2.915289089673161
42003,130.27988818935037,33.177717718084885,22.63821699898326,5.849384884782047,147.2325908680716,27.048671506891395,24.223842168149467,4.421161261440923
42004,53.751417643939114,32.78105909004274,8.193901404710992,5.006580608001301,63.41367198500753,28.19504466919937,8.7445814446015,3.9036428182068827
42005,107.87566976571085,21.028805355511242,17.545709259158563,3.413158987958952,73.64756256079683,18.315816173918655,10.972001751731028,2.729852988232407
42006,70.54712069849424,24.15696468817799,10.087441323648669,3.4761218642258775,35.68928434025591,19.015818778934864,4.854730872565607,2.583485975630975
42007,114.0401524414785,19.328342441415952,17.966307172111357,3.052621758630335,109.07400511149936,14.497209700255725,15.925307004156217,2.1209492455189665
42008,45.68798638888266,30.314686714654805,7.66403114687075,5.07427603605939,128.8094392000334,22.283165188703656,18.897211336664444,3.246715625029212
42009,18.93244754458436,23.50362469002305,3.4040323137469946,4.218364598072288,2.4524375698039864,28.569123748659536,0.38294695334495993,4.4409428220277425
42010,123.99037550418964,23.293897514843255,18.82625165049756,3.5406888191269705,162.90928940866138,20.84206005836434,21.467794257167863,2.744967057284412
42011,158.03862828124588,22.711783194869746,26.540735405445595,3.815984024541211,99.15113483468745,16.254300315095705,15.336785005805618,2.511346994244112
42012,34.92171014225423,22.64031369363184,5.98836799033442,3.9768675694405586,67.82945753161098,21.231838921887977,10.123704655653306,3.189703097134772
42013,125.1741833005903,31.19706955199473,22.37021784266271,5.722688073632496,124.13847361599386,26.130870972080164,19.046323437495335,4.001804399103729
42014,118.9977084355189,24.069882327167598,17.998484630341117,3.6472396177194004,87.37740381532578,19.44518720936101,11.38211929267288,2.5449966494785268
42015,111.92091670484935,19.66784825483795,16.777674401002034,2.947984357819639,108.73608339039008,14.932480656527797,14.966260827342623,2.0545496095350577
42016,165.03257573500855,24.738161727570073,24.565066769393617,3.6861549826181585,158.23997326693475,21.74249357727369,21.184496197692976,2.91339701753022
43001,67.68779462977892,18.49397480778653,13.844696075323647,3.7745546001435524,67.17729210486482,14.582640763718157,12.098937294453558,2.632535939990542
43002,2.353550283850169,15.691204709092638,0.5298734296829168,3.521974044771497,2.0356188296376736,13.032991216319513,0.3715084020318433,2.367377428943696
43003,124.62211281524124,13.760744951240621,26.88675940684974,2.9552375626433753,126.1191819404835,11.920136415729846,25.725834934538064,2.4595006212360166
43004,77.70383473881598,21.405287915096334,14.76977554103028,4.093132565531841,168.4968203438005,15.307832452602737,29.260063709081415,2.6833064468887837
43005,4.757921220371109,18.75050264159487,1.0084021891521717,3.932309190894114,0.0,15.77233571816851,0.0,2.9498858718515955
43006,2.8628185507166632,19.58337961507013,0.558716092377841,3.808135292763625,0.4247683092981093,18.46491083991545,0.07476713275798164,3.25371681047816
43007,18.209301928792858,15.706217453040601,3.382749764883682,2.883391883749819,1.341592983787769,12.428261760873623,0.22181946009547768,2.087520231798823
43008,21.42457404844953,15.818297923371148,4.159329813028499,3.0758509581549505,6.340372984179471,14.022755804064015,1.1227023593277892,2.481129200311861
43009,15.396334047663927,17.4183685731534,3.3622059921942897,3.92648332223053,37.22981717765899,14.072759548746033,7.274330681189584,2.789007167139873
43010,79.65655789921732,10.56500629279188,15.629411823859465,2.0736085423711548,71.96872645752299,8.481561666708075,13.256133850908274,1.564022499251302
43011,11.199281896303663,19.76826786771033,2.2996912258225373,3.9523492688909916,2.0616259964999095,17.10959211078871,0.3400065443391219,2.839935095421722
43012,0.639136918993436,21.41414850046294,0.12597127707651448,4.150910200087392,1.3191177213078005,20.93054842996649,0.21296200610683047,3.4065248590810118
43013,16.176939929454356,18.33762862438241,2.7555355553819947,3.1380760014049933,23.214247640152422,20.05188305296351,3.4235489898650626,2.9478225369461892
43014,76.14758407104546,25.49475123831517,12.607739701817922,4.191409782387597,74.26639016915395,22.26168606401888,10.21896901754722,3.057489318141104
43015,15.323307806920836,29.600915990583307,2.8984755530547432,5.589160838953537,17.555052721501035,25.915235233182916,2.6760690964048863,3.9588062051950526
43016,3.880608469903254,19.822170426207073,0.673742056981791,3.440539460571303,2.3617946997592503,17.61084856641182,0.35563432286562147,2.6337794768594036
43017,39.96600947505549,22.94657204746636,6.757999262659446,3.8586632185308645,54.492813921606825,19.93213403466481,8.236364313674184,3.0343706149794833
43018,8.416276055123879,27.842611951801143,1.4790185707335448,4.831549292870055,1.3106545985119822,21.927707663568484,0.19091771726629378,3.2568562620740145
43019,22.774041627553956,21.935635198289607,4.58215808167366,4.382208022689496,35.81795181499801,22.810585587262793,5.983384155184548,3.8314773704701155
43020,1.347933478694155,26.81713411281582,0.26312227265560006,5.382535228796333,0.9196991694869388,29.88265644979848,0.15335839685596997,5.03375763842807
43021,6.06010703939353,17.620211881493137,1.1791253309267937,3.4488309752895256,6.846300430967652,13.871418020363775,1.1636352694153227,2.376096287392698
43022,0.6585099953752419,11.573944882889998,0.139595752420852,2.3721238348208367,0.39793918741348144,11.009660561418809,0.06902175016683876,1.9095131463462693
43023,64.08414973068,13.833771938690447,10.745142414069303,2.3237171106921983,52.32319244829222,12.830850337908004,8.530364794590907,2.088835159108808
43024,0.0,16.575201489129235,0.0,3.5702816142427576,0.0,27.27138428561803,0.0,5.033088742185431
43025,12.067737500008057,19.472605541185064,1.938497561189911,3.151181999424195,12.071838556498513,14.404454957769303,1.8284309757257504,2.1760480206439077
43026,2.203742512656139,22.391420165050285,0.3657935364081078,3.677190042676393,6.5301471820308485,22.37439180463131,0.9694967220961183,3.377924772217088
43027,0.723877493970772,20.03584852122136,0.14700717776513442,4.1721709121672745,0.8620562936908157,19.585600057667996,0.1546156442593998,3.4717671033192072
43028,49.486722088480775,19.509630867045082,8.935812786279456,3.5281754921111057,4.3468322652103275,20.2368669359634,0.7235459222725069,3.3074067019137936
43029,1.5910108742762354,22.173810802273984,0.2555355355575117,3.473002976057635,2.4361477907729996,20.525980521578198,0.3498939655494034,2.915678556881711
43030,0.3942564717199833,23.65739826325463,0.062236273789815666,3.8723651205927823,0.19355388152954017,20.45755979153489,0.030189590629151067,3.0902940501461442
50001,41.329664071107814,22.94644192185186,8.25846218540821,4.589084528338523,251.1270873639928,19.877015100434377,45.16291750385579,3.5788764995214697
50002,0.0,10.871628661596775,0.0,3.497267800553187,0.0,14.97109452355733,0.0,4.2503164636855715
50003,109.95292790238922,31.336073796527476,24.298315521862218,6.92346614657446,109.05476442232055,27.027378033939918,21.17476990456872,5.262588162859741
50004,2.109222138815421,28.791636680516802,0.366743932960737,5.0456262559431035,5.6935893271781985,22.123262105871248,0.9050519716498157,3.533277872697325
51001,0.9639832437233598,36.60959638520781,0.16589999376488068,6.627389206693392,226.14662303039972,34.34521561808055,33.15308669328441,5.177870605252925
51002,324.40330804412804,27.693088848749333,60.31737063385515,5.178238314895529,178.3120912479243,22.05509402323718,30.566795821490302,3.7133905268028737
51003,19.283079005779893,30.66020370443428,6.72114644131844,10.411245951272367,24.903737946743046,39.04945830653949,6.4771482323079255,10.530981609081842
51004,18.038292219477484,39.232376475506435,5.203940680590488,11.475658172300598,21.560421799468823,33.74271164032712,5.00728198101494,8.130444074488803
51005,82.81384390306226,34.737639094561864,17.594435187849978,7.40632367684206,70.78179288439357,38.07849762869241,12.807687592554823,6.7489401833565275
51006,176.39244642830016,44.135176498570374,43.77087747729596,11.02016175433981,108.44555637226217,41.82323759842793,22.45279560060622,8.455418627904578
51007,0.6478439691319322,37.963938237735654,0.14002670929102,8.25327318751265,43.1959041721272,35.51979720445108,7.887478036248782,6.629088368632379
51008,29.517566821425554,30.72856735213022,7.64200625814255,8.0788172636869,34.72024570295056,25.017715453067,8.037953905788111,5.520724601192043
51009,0.0,20.31911476282623,0.0,8.5366868895974,0.0,17.99008964560175,0.0,6.488279312284717
51010,261.8167811430961,25.312105673353045,46.97432998591458,4.456174698662795,200.46934112095693,35.29575468544264,30.327347025893534,5.314132520919196
51011,334.64911448020854,32.36743641419153,71.5704384351872,7.045149852913212,258.147896231542,28.313515112417484,47.84197507028942,5.301530816921451
51012,3.3028464510454962,30.50478635680654,0.7868236896647951,7.091682559401015,2.505637589915308,35.244799829445675,0.5174112591426244,7.1426697012181855
51013,81.0814904472845,37.319883829025684,15.085143117766158,7.039297886050573,89.03733605768366,31.4320173630314,14.932568687215841,5.268686710803868
51014,191.21055338559648,39.03413654713212,34.01489622771857,6.900347230744348,186.78642450277133,41.88539071113525,28.45547433610617,6.36076893174312
51015,188.66740732617353,25.485717262231333,40.556021217567555,5.542864166307651,271.0510691305031,39.11059862751475,48.62827912904867,6.959191543449485
51016,3.3463827860568074,26.295581231802068,0.6740464280442984,5.345530637671248,11.58377583350939,33.3684874984676,1.9460295281926978,5.652114537142584
52001,318.5377776769857,21.957353882484757,49.63991038848546,3.426685572585722,365.63735515412895,17.228399662751727,54.18443084542956,2.556611839275983
52002,1.6550806930631974,26.81772708291851,0.38568154049603254,6.117735449915223,1.26032574525366,22.235588257554653,0.260415798783686,4.583827905543041
52003,4.696741816639199,30.999065246909566,1.398617493500463,9.257269720921887,72.13544796952004,21.56536996364482,20.697513139617914,6.2953004160860555
52004,0.5680787308876262,20.68945396977695,0.30603803850130545,11.184064856333471,4.339876739643366,14.996148295429162,2.2771162530245768,7.904126677609955
52005,4.542940958909066,30.128796511425904,0.7963989446531321,5.247403886916322,5.023076944095585,26.888728792222935,0.8112726557184395,4.367520708665248
52006,6.492338177074688,39.12079700410055,2.4438192206241043,15.475187925463286,12.313523366950761,24.692471757682366,3.7674082127831943,7.754932445210931
52007,20.28589334482973,37.01034296644002,7.269276998853086,14.16030591528101,66.28636158754897,33.63782598251743,20.19568033126412,10.26951008366507
52008,75.38158554958514,39.56213681041959,16.05251733387413,8.420066273068286,69.6289181229198,32.27480926548122,12.422182592844484,5.669844483256424
52009,17.55079839431474,34.45840884138516,3.567668529542174,6.8726076627181865,7.694941373602981,32.959377018049196,1.2785371711058926,5.533770942575456
52010,18.708436093840014,33.82236023028809,3.911691602213779,6.9915569420699475,19.399972754750614,30.457008661279254,3.342561065602003,5.4236145276640855
52011,43.189440796836934,31.571616471684212,8.018431255133326,6.012624094612331,205.95939308151392,25.2205229395226,35.690376500429984,4.365690080191087
52012,1.000458978295225,38.45463225917424,0.22865083629379893,8.54326289033637,0.12489945593796994,30.700482026096914,0.021350185746615995,5.6026900879814425
52013,43.0548891794542,39.343935950563846,8.92829433233295,8.222118669746932,23.467055441762408,32.49476666962463,4.213063424800585,5.84303274055916
52014,11.840708630232301,41.14445257204503,2.9092239195615903,9.906775859666169,11.050910119271327,29.15097995015048,2.377948508139898,6.135500779179361
52015,19.90596772537871,30.496179508723074,4.094260269160037,6.327744699483526,56.028787863778085,24.48963354662213,10.574757023408575,4.730668794492247
52016,18.087770077093797,34.41675754540825,3.301825945247884,6.3103049512721885,10.506733481148713,26.25476585851301,1.7750809830392802,4.4020017497644695
52017,37.59086049042553,31.19989560683746,6.528683503919787,5.452044723692486,54.1590695794563,24.120553645434992,8.930461983393407,3.9887431578065797
52018,2.334170184817753,32.59010595273533,0.6020205309163992,8.353197536690978,8.414947921750032,27.640693363191225,1.9157342439924914,6.331478261122406
53001,98.40058479752689,15.04663451773621,18.14262235621889,2.7775128949582304,101.16984608135152,11.104175937108405,16.8408347733032,1.8530107523233639
