regional_id,2014,2015,2016,2017,2018,2019,2020,2021
11001,0.19992810386124787,0.2877335889570552,0.23902291003454987,0.12975441488808687,0.15456579592929037,0.0976873157848659,0.2051372876376638,0.27616993482463215
11002,0.7496497752280316,0.564835426640383,0.6363279881342178,1.3148421644116077,1.0276532477010656,0.4178278833805011,0.3306887256319778,0.07025391176148764
11003,0.6555633973079065,0.5129528402710342,0.6150926894011214,0.6093983565230563,0.6147236456967791,0.3750653866219001,0.4388420302094322,0.3915362732402454
11004,3.601036958096396,3.071558784546659,3.8463870060315797,2.991270396639603,3.6708432252116974,2.800669886798083,3.3736809490166046,3.3246150778240744
11005,0.2716303591721478,0.39502784002639646,0.10635373710898101,0.15825068832787692,0.15041607603211093,0.15209836837728238,0.14069486538504083,0.12774073663600427
11006,1.969996763586464,2.535525346329483,1.0505677722841138,1.054881719892194,2.545402974372763,2.301143865463308,2.910199266190378,3.8424267854825453
11007,0.33810417149722816,0.11652029688601401,0.24060692638925735,0.3973982350694514,0.272192828460157,0.1655116643212495,0.1105032144944477,0.7428343137442756
12001,0.0847358839961081,0.01216800665372886,0.038897982028862736,0.06452627666691445,0.0752444608777269,0.05362345825925045,0.07324343701742775,0.051816020756075366
12002,1.8625453446895812,2.702518036953572,2.811689095675852,3.3720097631504693,2.419896497811683,2.5117688927775954,2.371851075803111,2.0728955119202768
12003,0.0038426684935390144,0.0002576401707967407,0.0009523196054163236,0.0024968765759094277,0.08613511156396794,0.01813275389267269,0.18169062277452605,0.500208321186123
13001,0.2797263494720425,0.7839357258144997,0.7770454390808174,0.7247712562445189,0.9201762063370598,0.7410491648256691,0.8021267166745222,0.9156291614721584
13002,0.008128028573269106,0.0115726090509468,0.02014072244691257,0.02637269008226332,0.013656532344884917,0.01712467569953247,0.028069939831369062,0.012583864382015876
13003,0.08217939238238135,0.05596373469063146,0.1854028601507208,0.17385855551511487,0.16225632090803033,0.2320790144732953,0.22068828864353315,0.2554524768327592
13004,0.02121998682348348,0.0037784528392685274,0.0009991691887721798,0.11289848705828603,0.0229919055372685,0.013871627831696503,0.015683966032825805,0.012020120610945161
13005,0.20025328056830805,0.28183523280691963,0.504315887113986,0.42830077215543527,0.04966799624589394,0.017282511103396264,0.02789643834537615,0.019806893227658426
13006,0.018925832799737627,0.013973698240625556,0.02341674952198853,0.03048040952943493,0.014559440665960897,0.039207017226294986,0.027559931570808528,0.04331330116344474
13007,0.036564374551265724,0.0019559731217124268,0.004791073835554891,0.02301897655056354,0.025540159474602604,0.019506305417289465,0.030962385898646524,0.07984618641078106
13008,0.1427144925834605,0.14809222875735203,0.10581783936289106,0.09928175932650782,0.1252969703748682,0.1631604606740675,0.16946320207875276,0.10246542912671054
13009,0.008956664951106535,0.030951731216474355,0.04129035378328054,0.040611034202116834,0.04631507601977998,0.09305288108406422,0.12006758270920564,0.09177900565394141
14001,4.3551261305398254,4.569058644160601,6.8130828001234685,9.252579026088942,6.266792846033577,6.2969522824555755,4.785259444245508,2.6373508013637954
14002,0.05650530158178342,0.05719377234403407,0.06656548447473246,0.04002762333109041,0.12284894815885455,0.45095967697328393,0.4968938851651809,0.27587701376918
15001,1.1291047488901726,1.0923226044424872,0.6079989914047738,0.514565420204521,0.4116143735672049,0.5464694131805845,0.3873258694144457,0.3692875704250082
15002,0.4306319015811856,0.31174373879149686,0.30779173930373094,0.2760617286910928,0.4772724341863965,0.5017338654814276,0.34556994778652433,0.3139321324383484
15003,2.819681081562389,2.6431903408400745,2.6934154217270327,2.909226449349871,2.363812321134447,2.482686327739388,2.0615320383536333,2.586010171017602
15004,0.27292730349791305,0.9959372705558706,0.33390067018854874,0.34937338286781466,0.20715250978022606,0.1158583860673797,0.26028107976881565,0.2080764453678899
15006,1.1569686290070742,1.3854315399156543,1.6239243482636398,1.980375015153797,2.322685518566701,2.1754652965140173,2.1862260734930725,2.4896514284782567
15007,0.06962619956064285,0.047960509208326785,0.088373778998779,0.11102395417268039,0.20590180506605207,0.15705124159394113,0.2366484233105359,0.16778295753400888
15008,0.07869607368461728,0.032153221464465184,0.03054064532279987,0.030170053283946077,0.02543725462341151,0.030525504539498267,0.03636411125972891,0.05609425601972927
15009,0.023433655926799756,0.024512591852888302,0.04694131403651699,0.03973769439278788,0.08063838669218598,0.02003118700935426,0.03338386170103622,0.15898612847424118
15010,0.36742793220228065,0.35596244952401096,0.4427770685799478,0.4069464868331769,0.5403791593893892,0.6355553847197414,0.48714939388611644,2.9998189662921346
15011,0.024754400514676516,0.030624803927896502,0.030965332512952796,0.02509087223047899,0.02011751998644111,0.04425757599395254,0.06584089603676048,0.046703895456684845
15012,1.1967936869478895,2.3263060823242223,2.591688509546422,3.4145974507858416,2.4683629301737717,1.1945418184517353,1.5467260830133664,1.8204451977211518
15013,0.06568550604153195,0.08605345257903495,0.05137357755527458,0.09577449356713318,0.055661717424402714,0.03699955332811534,0.08666867777228884,0.033754597887473335
15014,0.015932269365511873,0.019459078096446616,0.01875125789338275,0.05634142424446822,0.034395478582091445,0.04690453881038942,0.05053919541861312,0.0748875275578066
16001,1.1020510128729668,1.2741992840165381,1.117415116639319,1.0023680738786278,1.0826301474971947,0.9797904540985025,1.0095304140970993,0.6906057079363352
16002,0.008617371734237907,0.0007042410536541861,0.006543963142247887,0.0653552453301262,0.07967981879292708,0.1102848522114656,0.09580642451060016,0.03698088612631897
16003,0.0694810760353021,0.13262043624423422,0.10995613720446418,0.03926608972646583,0.00662388823852293,0.06123036061470261,0.021879021455596552,0.02862151283830673
17001,4.920160697534408,7.187702436176863,8.029050137774867,5.941218490084251,4.494882375432665,3.3133284746009766,3.7113089089207043,4.470593670234964
17002,0.023718192774047565,0.18359633376584103,0.006836650263467317,0.007982581642549186,0.0,0.0,0.0,0.0
17003,0.023205969102572038,0.012381724180378318,0.014151809860089192,0.02007869538286573,0.021340582294734484,0.008620444841120928,0.022588457383983285,0.018581635113951524
17004,0.06035224347068694,0.03979573058520427,0.03875085693440757,0.053461205095747935,0.041841795231416554,0.05609065400922115,0.020420755214238872,0.020371388100260804
17005,0.05663925939460381,0.040626974430098294,0.07651938629225534,0.05460824854453453,0.03930273166792173,0.04891955258144874,0.055098520837832,0.09932860748617152
17006,5.479854178022378,6.85471118579716,7.118082953658083,5.041482319956595,6.315548005940562,7.8142365871803285,8.663330368983132,7.584669352209154
17007,1.1426037145208396,0.879020505134256,0.09915125864976908,0.13825858198484708,0.32497070433917696,0.2018683717069872,0.6609853426386292,1.5640972964027262
17008,0.01741036039342337,0.004850031908104659,0.0014281184028123838,0.002167573312198285,0.006291229876028207,0.0,0.0,0.0
21001,0.0008359617594562215,0.01878664194231214,0.6969289301944169,0.7364204816545582,0.8165750810202449,0.8364569547557563,1.1586677674372061,1.08694482048702
21002,0.0070519131412883915,0.001262050014560823,0.0,0.0019137164386816468,0.0009287669299701788,0.0014300012232687967,0.01004755444854631,0.022888232769465285
21003,0.9364664715030646,0.3053511757215427,0.6699099690013027,0.8432516078424381,1.1587272767708219,1.4281593108018555,0.883570037545177,0.961500154709038
21004,0.36722865887714745,0.2256612536138279,0.22322902593157548,0.21258911267995567,0.3059835097070213,0.2152445880396963,0.06803880319896434,0.07517972334625739
21005,0.014763897774335835,0.031089408095518547,0.02154579422460747,0.004244650747157822,0.0,0.0,0.000985373789961767,0.0010525258677102297
21006,0.0,0.0021868319098831213,0.0005569853533779646,0.0,0.004352592134909264,0.00816861540738548,0.016397215066344173,0.010267441375933663
21007,1.8163725649971565,1.0569804482310068,1.1957443141751847,0.9019513603801387,0.6590903451881827,0.6807721229417226,0.44012528811114976,0.36613665743898016
21008,2.946976760923502,5.277780212781193,5.773913995071287,6.197465389944317,5.450751172667284,5.662730762005444,4.244355820564631,4.300001353048839
21009,0.07626066874994954,0.06946036686752598,0.020962257941366195,0.045651624172271754,0.022202852822554228,0.0378113183029043,0.018515711402077323,0.00503098679448453
21010,0.023196947624002776,0.029256253816144565,0.02959510888552463,0.01636620544526798,0.014547087866873913,0.003979929291176014,0.026290562558761513,0.07683041170354427
21011,0.889505926139029,1.1525420616113746,0.8144313979574067,0.6321859365606627,0.7832332341693606,1.1424718479234384,1.291833044488745,1.3146415418947053
21012,0.0046484476957046215,0.010141698127798986,0.004613586748942642,0.018345480336529052,0.0006874064571306393,0.00237796196306359,0.0024967415314116376,0.05131496933061021
21013,0.0,0.0007660250253821036,0.0,0.0013370583776604666,0.0006683319362950545,0.0,0.0,0.0010758478272945005
21014,0.23680840617734542,0.10197338996454439,0.21801299873246713,0.697305640851554,0.617847110468314,0.7038899880278403,0.6123477030373478,1.050463740385947
21015,0.032847366991832556,0.047816968739607585,0.05090911724058029,0.0602907185147646,0.03916316575167025,0.05401346557826004,0.03478289734683799,0.047589734074949486
21016,3.1747810971476955,0.6139986779084428,0.822407520395519,0.8790730244823806,0.7251586290857039,0.34689993854090334,0.1776392710364707,0.007269575273139405
21017,0.00204077754921642,0.0050180965614483805,0.0027747142060646508,0.08143803771265928,0.140114363178516,0.06883546794876923,0.008820124825471079,0.03454551928783383
21018,0.10673837620645689,0.08197152311165029,0.019576761382271386,0.08251785211632764,0.07989873100746077,0.11617407802158762,0.05784771433047572,0.11336985794908785
21019,0.6215717578259374,0.15190112267670658,0.14280839682282379,0.0018578663879733096,0.003525142803633299,0.0018421070111926665,0.0010862006399894434,0.02111529146497734
22001,0.07635434209620165,1.1912876050695471,0.5366391961927542,0.4924518746189167,0.8160192264068812,1.3689115396388125,0.5166192886573989,0.003846210201776611
22002,0.06825826403326403,0.0013330363202146782,0.05310675248465814,0.12212007069650485,0.10288267821384646,0.08251684858066542,0.061033757939254904,0.14072449745768262
22003,0.0013449956107428659,0.0030381656894922417,0.02813200438138318,0.024570651912558625,0.017490144513862552,0.022729529339122815,0.010961827546880087,0.010255040547578306
22004,5.697928919945385,6.769164124921881,7.882801394443075,6.457359793038819,6.032918421960764,6.5414470569913385,7.213320663827146,6.750608634180275
22005,3.8086111812701096,2.730736912766369,0.3456594981557332,0.5000711890974006,0.5091139353767304,0.35424546580127664,0.33739020606819603,0.1606328413284133
22006,0.05075673134101313,0.18052598941682285,0.3541735588283783,0.3240064537345337,0.24386514013827967,0.38725756902057484,0.28805096756426357,0.3677674558789056
22007,0.3919057566816704,0.23885269425169195,0.3010079287267147,0.36950270614453995,0.1511567406662055,0.3092053063012327,0.0951848469122989,0.07762063193569052
22008,0.25687492960919023,0.286118572632762,0.34206674768626716,0.27404188989900874,0.26090995234502934,0.6312275498585962,0.538525287335252,0.13555867659706847
22009,0.04417844508566864,0.011170236117622509,0.2674594788965823,0.01767437656163149,0.000530302224114079,0.003835803307925859,0.0026390628434038656,0.0011663478407913928
22010,0.0514051482133511,0.053603174150087064,0.030418418799353055,0.01474281528553354,0.05985015359256762,0.03762993276272171,0.020718091332153524,0.022656680086134258
22011,0.857948750426268,1.4076033106134371,2.3820996238680765,5.4644183920120994,6.3465364056977,7.671735939915848,9.340002200746339,8.549010763588372
23001,4.811333506496542,4.874119834465078,5.584221388988845,4.7062177413101685,5.319954664095868,5.541610739223522,5.478404273953407,5.64340807276143
23002,0.009943111629068508,0.01085252625077208,0.008888146149393898,0.00525550167847818,0.002889375761966182,0.006963996831991105,0.0058063920398009955,0.007453540839082038
23003,0.012736896240555505,0.012443914577951878,0.015018900031297027,0.017209665918982753,0.015108995373491306,0.003339675400896191,0.0033268886540968193,0.0007321086515057681
23004,1.2796734343265221,0.6829648135524389,0.7038599710982659,0.5284132801474613,0.3283714377659384,0.3457519061959377,0.2958702330696371,0.21953334606218752
23005,0.0028845015975701156,0.004899090218004365,0.004865981896698954,0.0,0.006867883746960516,0.005222374240044706,0.01425326652441802,0.019679522673031025
23006,0.0,0.0,0.0,0.0,0.0,0.0,0.0,0.0
23007,0.12874465918880584,0.17480777869928812,0.1487191454678049,0.24011856056731787,0.2546661074962722,0.38784018587736135,0.1469073553525416,0.10841703047690325
23008,0.27946628665622264,0.3255125469336671,0.18714859375243195,0.1497822033058261,0.17977978923783378,0.13408995863935416,0.14682602945926346,0.185291505528004
23009,1.665606898829028,2.55229270835442,2.4049113535972895,2.3356890747012655,1.946187353396217,1.454626670706328,1.2627611212584706,1.196824920692088
23010,0.774945596377575,0.0117055717846327,0.0038171329885251888,0.013668149777976906,0.004318361052979404,0.008534031413612565,0.005159879772514174,0.003209442491210447
23011,2.309821270864612,3.062563124446569,3.3296337321617746,2.8778274690105374,4.095294362144796,3.441043241882553,5.147225048965503,3.7100953361518085
23012,0.0,0.001302252306377752,0.0,0.0008723299037649397,0.0022570650234557906,0.004957209969084095,0.006419992715898622,0.003731275996699642
23013,0.0016957212314520384,0.0,0.004139574500665141,0.004351006643338912,0.003498864291497466,0.013311328458599043,0.007108444931832756,0.004871584043162543
23014,0.017693168303748404,0.005256500413143229,0.0053157483837577525,0.008537823806980838,0.02613711822274758,0.037337807799756095,0.037593609197783415,0.007517961441050293
23015,0.0006737353730505852,0.0,0.0037653083945669115,0.002015707953415469,0.0013337838832495803,0.003573949417250973,0.0006642495576223912,0.004490531740641605
23016,0.0,0.0,0.0,0.0,0.026400874672633422,0.0027986787380807465,0.0011016579819990524,0.0005565589503162266
23017,0.004863576825018127,0.11748334852415342,0.08654445890958767,0.09146508073548629,0.05273709442089905,0.034298993028659956,0.040096507591815045,0.028158374591743703
23018,0.7884080665117923,0.5934143312952863,0.263552862711944,0.24592619859434806,0.11062354176930442,0.13446214313987434,0.17828711663246632,0.7472004679037666
23019,1.6305307455294697,0.8271951317121401,0.9051123621862537,1.1736263874991817,1.2592590425507213,1.325278345651832,1.4461890800464678,2.1884210623055678
23020,0.048274270141052705,0.09601333680097951,0.11329976180989577,0.11973975478061985,0.13214000552244645,0.12467255937582347,0.10139909257606304,0.017427601874201334
23021,3.181712968643613,3.328894182409848,5.0008887654690195,5.358265030802177,6.706955467883757,6.372732040879068,6.422799858318246,7.990540128109815
23022,0.022170929487382855,0.006175198405235641,0.011799967774720508,0.002150718898557299,0.0005568246629071267,0.006437762153354054,0.001987519938824401,0.0006540220432938337
24001,0.0005294795783926219,0.0007828371924022769,0.0,0.0,0.0,0.0,0.0,0.0
24002,2.7196863430012876,3.25811931247909,3.090784910082444,2.7243933169275407,2.6319065393948398,3.540032257669113,3.684613694624771,3.1937444367044012
24003,0.0,0.0,0.00011502929857196168,0.0,0.000734392168614524,0.004685352760518726,0.0,0.0010505645832224522
24004,0.009573726740306916,0.06379503163409099,0.00536737577768826,0.007806739869813892,0.021300694520574447,0.024143719235975143,0.010307646930583874,0.009263432179681879
24005,0.0,0.0,0.0,0.0,0.0012499750094963915,0.0,0.0,0.0
24006,0.0,0.0016377294701254385,0.007861233428123547,0.0,0.0,0.0,0.0,0.0012495840793497377
24007,2.1956370322801213,1.9246179293451176,2.4086435915457565,2.856133708417084,3.6269938770949723,3.8691488220568364,4.600268159437879,5.580104997233497
24008,0.008905219130986526,0.0,0.0014693216463414634,0.005130136123014873,0.0018272642865319307,0.004413085473604206,0.004127696257330548,0.005231774415405777
25001,2.8848283566020863,2.9143716627787426,2.093830198429182,2.482395629421492,4.1402769855397885,3.7983971989781504,4.125696547444049,5.249235302262054
25002,0.0,0.0,0.0,0.0,0.0,0.0,0.005170207086916612,0.0075739552610099604
25003,,,,,,,,
25004,0.10314081398270107,0.017513602226305366,0.019274235033259424,0.04735585744530699,0.007675058345386942,0.044837560760053026,0.025921747395099972,0.005384089534710476
25005,0.0,0.0003929723533018742,0.0023452872384622865,0.0022862469878458477,0.00046182146205139997,0.00213431835813527,0.0,0.0
25006,1.5519020139625612,1.1265503149067186,1.4099110865185198,0.8289380438024897,1.0945014178792245,2.0135238752693967,1.7726470329338682,1.9336255364269375
25007,0.0,0.005703424353648207,0.008148663453847654,0.0031093577784349043,0.0,0.0014512331310630627,0.0018067260830932441,0.0
25008,0.0053427305055919186,0.002133655257140907,0.0,0.00799998315136811,0.016275945136691745,0.024080074975303744,0.009850116781207468,0.03162083295010828
25009,1.2992120042823365,0.5904549206692589,1.6234535808117414,2.876467364056805,2.0548442669385905,1.8437195379750047,0.21486676323945558,0.0
25010,0.015314360038934303,0.7356080640735405,0.507163360968571,0.5386577837488521,0.22319346104899943,0.38575149703149086,1.0630822010869567,1.2438311743290154
25011,0.0,0.0,0.0,0.0,0.0,0.0,0.0,0.00404670853360465
25012,0.06381885766404516,0.06585018726591761,0.02181714018606348,0.02175327812480462,0.0,0.0,0.0,0.0
25013,0.0011345040909998005,0.06266718635971605,0.15556090459410724,0.19638645477498887,0.11419186739015352,0.28194740055107326,0.3699596388916346,0.35134277536517966
25014,0.0,0.0,0.0,0.0,0.0021561620671889242,0.0028746799711153416,0.0,0.0
25015,,,,,,,,
25016,5.82805236714262,4.67175984748723,4.285749384358976,3.392630188822999,3.2578002608581285,5.295892093269952,4.066621020328495,4.40524042214157
26001,0.0,0.0,0.0,0.0,0.0014889529298751202,0.0,0.0,0.09158707313881984
26002,0.0,0.0,0.0,0.0,0.0008393612503588281,0.00048764941363527316,0.0,0.007514963202206249
26003,0.04877233305798478,0.18009314775560864,0.2997593736574671,0.30586080077871225,0.5716704580743066,0.6781875226477067,0.547073367815645,0.6627453241316245
26004,0.020217523415601926,0.0,0.015604836765649398,0.0004823402310313305,0.0009000466030433813,0.00044824315324224504,0.0,0.00043027570711172126
26005,0.0,0.0,0.0,0.0,0.0,0.0,0.0,0.005177547450888607
26006,0.0,0.0,0.0,0.0,0.0,0.0,0.006587575024040853,0.0
26007,0.9840482347796624,1.0713412589544278,1.1936032850103548,1.2949545888015985,1.2267477295603886,1.3516952824674595,1.403815420110443,1.5394436699897251
26008,0.5424602681096385,0.6102286434348596,0.678347767599874,0.6600796388666227,0.5777587875766425,0.697041358701162,0.561377598778796,0.3030816259955602
26009,4.5566151259091106,3.116582016168266,3.7154054759917816,3.8788439340092333,4.376284473132445,4.132762532908301,5.712542099802276,4.906997033123035
26010,1.157827928164964,1.350787363198268,0.9301261125782765,1.021196656313213,0.9655510489580272,0.9743784835493581,1.0052263093064056,0.9398599984407963
26011,0.09334749591331398,0.08062089507168398,0.2571928913901676,0.5022962711173051,0.526346944051377,0.9571064198684737,0.7818182676421997,0.9418485391779645
26012,0.011452220548769302,0.032833825501077676,0.057912372656757735,0.08111571080695272,0.034245731444294145,0.030297535952260896,0.044531754128409935,0.05623570833023766
27001,0.88846529570535,0.5970320575771633,0.8372870953348092,0.8589505106743509,0.7719488898020155,0.6076616318934274,0.2669432092343012,0.4869350254058589
27002,0.0,0.0,0.0,0.0,0.0,0.0,0.0,0.0
27003,0.12611602753195672,0.25997654559642464,0.31826007795444705,0.09279401527901383,0.0,0.030773150792517495,0.041136716715558186,0.007746963607700335
27004,0.0,0.0,0.0,0.0,0.0,0.0,0.0,0.0
27005,0.0,0.016876665645420553,0.0,0.0,0.0,0.0,0.0,0.0
27006,0.0,0.1856795481426054,0.016495702253672796,0.005629994972107166,0.5714952216521167,1.1430222052030266,1.5367722375223463,0.7075587483082317
27007,2.6135358569331255,3.3282132531098862,3.374083927880407,3.2493729181075577,3.597436234881243,4.324812116854614,3.9920582366584956,3.761270771523098
27008,0.0016693935084385267,0.026488490099788098,0.0,0.0,0.0,0.0,0.0,0.0
27009,0.8913762247172111,0.5734673539663033,0.37806695509548277,0.20262717560566273,0.1620416371750804,0.280764113141833,0.13481195805818688,0.43386710308483617
27010,0.0,0.0,0.0,0.0,0.0,0.0,0.0,0.0
28001,1.8424082261808572,5.534781066985825,4.856581482146445,5.129047044023386,5.854166099355322,6.286837472617076,3.811370913123234,3.9533098702645892
28002,1.5206577130144974,1.5110975564674134,0.7934220256119359,0.12002023585517778,0.0027573831134629283,0.001089888826629636,0.03354539470230235,0.10531648468194857
28003,0.0038487544844639926,0.0,0.0,0.0,0.0007675630868310724,0.0919071616463282,0.24615922122530468,0.032374542103084415
28004,0.7231174551067863,0.8110641882057036,0.7434404630161602,0.8943585234565063,0.6534753009515508,0.3242102112703078,0.30302482656511154,0.3131588016715566
28005,0.0,0.0,0.0,0.0,0.0,0.0,0.0,0.0
28006,0.0,0.0,0.0,0.0,0.023235340562164437,0.0,0.0015165616045845272,0.0
28007,0.29447310033565316,0.09534135181233991,0.05354665847712046,0.14968491158424307,0.1611161959197034,0.12274154793944755,0.1100039393219364,0.11612999333079861
29001,0.3446397249089424,0.31160191157605643,0.33257967898287044,0.04953093941517945,0.018079648615606434,0.00894430966668956,0.020712954875736083,0.01008526198767009
29002,0.12275926482539046,0.0712196295986953,0.050976434559749796,0.023450795901269576,1.6506196574629781,1.3399185983207784,3.2565408691736097,4.837461038203249
29003,0.43711729494762347,0.43591156330320474,0.6108474801061008,0.34203854247948734,0.2618744825138982,0.5300419936258356,1.1011819285146318,1.263195093443571
29004,0.0005360078811406246,0.014536067885521342,0.004451864506780172,0.0026567329464309937,0.0021906700615718236,0.003041193097933562,0.005004499331393061,0.015104850713258016
29005,0.03816502376374797,0.014348153091208057,0.17870249189812695,0.04309743743093974,0.05215243416103755,0.02454215135473696,0.018475750751033023,0.017968312023143914
29006,1.8523515839404272,1.785925185861707,2.0206326523683833,1.953780461650953,2.135089104587749,2.3447586181128086,2.189539732164092,3.1345984754170906
29007,0.9491615716404984,0.5067835412067618,0.22708120213442454,0.01724087362304344,0.01894124529364158,0.007841903767892225,0.01883342880756331,0.05921108751302861
29008,0.184086180458814,0.1834721397676194,0.3680567079199313,0.35157403741462934,0.4066692503144009,0.4272257209656874,0.42739876080471206,0.4138726692338873
29009,0.027609259829648902,0.0731967082085744,0.03698781447271421,0.01949843084160547,0.07834500895959405,0.07234105952504512,0.07425981995757738,0.07077553363424825
29010,0.0014167117891436501,0.0,0.0,0.0005657229383009151,0.0,0.001308669256862124,0.0,0.0
29011,0.738667155802599,0.9074881216709041,0.761844927358736,0.8527328267024289,0.8132543549568484,1.3086946282158898,1.5095830152671756,2.561922630683895
29012,0.10988294133246679,0.024242823872723702,0.008999037031208431,0.019311837358043826,0.1618132892025967,0.0391555051885079,0.24172805346157347,0.2802418353501179
29013,0.32767903678950705,0.08915348997009379,0.25719235815595937,0.2420134835826695,0.19570694441072456,0.15108911051191146,0.093283574252907,0.22094076486326164
29014,0.05799598686429748,0.0673334965356597,0.06694521394607825,0.08788716482717632,0.0904512002042901,0.10203243245998832,0.10421599285519817,0.13950356645701456
29015,0.20277024342207553,0.07627731058469818,0.021674701538912843,0.025659113597845517,0.02198546294658019,0.018558129841258816,0.015822942771350167,0.019997423418855215
29016,1.7545173007642685,1.9971492964102868,1.1196298213633369,0.6928355590765052,0.564430165121696,0.2181326346636949,0.14070522127626223,0.06055719683957403
29017,0.0,0.0019992324659164474,0.002202001749700354,0.0,0.0,0.0037442436422908325,0.23569139342002662,0.33352146089356993
29018,1.8154284582265776,1.8876913276651406,1.5384549904841913,1.8132203838755798,1.5716304138136978,1.6388328307926872,2.5193433099506364,2.4541265499729317
29019,0.0007422782823048951,0.00281805616445029,0.003386281610181481,0.004625795440619554,0.0007539214190289641,0.0,0.0006144688249474405,0.016813133662558034
29020,2.152340961789914,1.5588290018872835,1.6621271750500837,2.0327859269810244,2.3478352196233336,2.3121201686397868,3.1101327178894014,3.2852626384293404
29021,0.13146072619786622,0.25312754984219843,0.21494859310821357,0.28774521097861017,0.18302919453619027,0.1618998664399792,0.11588036162200442,0.12169013851806816
29022,0.03291166759397898,0.02358567370736604,0.029271787089698794,0.02346796619094041,0.02129091819969766,0.007956770125753302,0.008266082105806094,0.11693573167152894
29023,0.21068129807386687,0.23296787635826566,0.27101404351229663,0.17080483655683215,0.12781052974558094,0.19479770475829586,0.16759998057057737,0.10779026902523423
29024,0.023277105755999988,0.02073370892630345,0.03850142114745462,0.036326753568406756,0.056570127854158034,0.04605376300745011,0.0417671304487695,0.052638790440143905
29025,0.059001918558942226,0.06194425978324784,0.10391502686939966,0.1450917813422868,0.15621903526419165,0.15715806763712709,0.18949102956745312,0.6123010574051334
29026,2.4240466487947447,1.8796319380014188,1.7130852320894665,2.10785530083182,1.8927701954752179,1.234411548391799,1.586659188395362,1.9237940750861584
29027,0.005924740019597307,0.009407257240739868,0.01241430952060855,0.002802358321795809,0.0029110292555075442,0.009933688872935189,0.008859571589484064,0.007054604732155909
29028,0.22666294689541017,0.2862150236746737,0.406114258593722,0.4438484674429534,0.44295961406571477,0.2847037447906672,0.31141426130631294,0.4341043866203546
31001,1.8794575262797266,2.2000393501733004,2.000390583093275,1.7316679579449885,2.0942823522372582,2.5409259578017727,2.4935040452594306,2.8575659299155967
31002,0.6936748229810882,0.9218824362314159,1.3501882680300734,1.706689380839445,1.3189631727260767,1.4421956999350567,1.249818534069677,1.202728392428319
31003,2.1996177606743275,2.4904564010490415,2.090356044957767,2.205909035990276,2.252463011569424,0.6600073596787086,0.3966258056362947,0.15369282677512713
31004,0.0014015136791955178,0.004616614563518975,0.025987217192711496,0.0021696372690413347,0.005523133730031034,0.008221371068228359,0.007503041198824429,0.017643550268003294
31006,0.0422944064074409,0.016204132754257576,0.0927708981613948,0.0678273302404049,0.044981097007202146,0.1399788169363837,0.1425103227016104,0.08629184364572724
31007,1.5749464464568703,1.8777671717058015,2.2651474070092497,1.9247227905243487,2.535700968603137,2.453234952744155,2.805502809795538,3.5221395378000717
31008,1.0486613476192113,1.065047691430743,0.7579611011007978,0.4365243513779565,0.4107924968279551,0.8668344200848389,1.02428728252805,0.6885595788440855
31009,0.0,0.0,0.0,0.08911224232490703,0.0,0.0,0.0,0.0
31010,7.027681826860656,7.636229280510018,6.524326691664089,7.730853076657613,7.189857528177928,1.7553730918460593,5.2770153511548745,7.616785473511087
31011,0.030869495953609886,3.4066808507260067,4.217612652537946,4.994654684035695,3.485398206055959,2.858642784864589,3.3979481574512733,6.196978872569235
31012,1.3869828560326005,1.4749779295368755,2.1050978397191487,1.7937204428014746,2.7942017576346,2.160759578558336,4.17097838738952,4.644149815816287
31013,0.5185053279919456,3.3334601685710195,3.1339978458211446,3.6983981204435152,1.952260153501759,2.8462962994003442,2.1291166195725215,2.4530341736415155
31015,1.290761688279009,0.9716461862107539,0.9613024183495387,1.2820228150097441,1.1041447925663528,1.042181083810165,1.3741338918368529,1.3013307163238714
31016,6.370412100175487,7.1351665884964195,5.9812179579118805,5.560066771760597,4.652735405562492,5.349496241562497,5.002087588983997,5.318888209580112
31017,1.7711459537148388,1.2745424037370627,1.4335995552646548,1.2071988825190212,0.9928288671969114,1.1586205840632866,1.6558149919476843,1.3587217058384766
31018,0.051191590168087726,0.024814152731640487,0.0020873163806004427,0.005488195024288081,0.0006201086244503847,0.0,0.004860652447951702,0.01801280146738137
31019,2.0906500833160893,1.3796420289540983,2.3479470380795235,1.3487885879921628,0.9739369665631794,1.129358088643107,0.8510372264847967,1.6564221599252433
31020,0.0,0.0,0.015639406810923615,0.020903119868637108,0.016168749799183885,0.011756171944632368,0.007946006123016979,0.009395774919201216
31021,0.016570468668356573,0.0008548368420826919,0.0035722533008960035,0.016272897417874174,0.23778448554010226,0.3724717627310226,0.9010330938749509,0.8737374654740728
31022,0.09106262697641551,0.1351431497322103,0.7136070411512793,0.8375696048173009,0.6833810276296133,0.3748756421232877,0.27512714294818685,0.37729285525968886
31023,1.3351671145629946,2.3484573987170103,1.4120373123659757,1.3775661451025918,1.4812629783927298,1.5466326259851837,1.4280048324373784,1.8496954752453374
31024,1.8171286558515773,1.845960560468083,1.3318218887121305,1.9210073511048373,2.013283608409695,1.5340235346483522,2.1884200853241955,1.9141322441035622
31025,0.012242475832648429,0.0,0.0,0.0,0.0019368017933292837,0.0031290254926336714,0.002106285697153222,0.0009744245372918775
31026,0.017578995828741232,0.03895400051489365,0.07369771348447197,0.06887084262581208,0.15008847691799546,0.11092734239038904,0.26201237500613145,0.2120260038347959
31027,0.42005647490406506,0.5874031215715166,0.5911769536825151,0.4355887304259442,0.33344487526637073,0.23662318539029112,0.5291605475695026,0.6057212084620945
31028,0.3245105115858312,0.3100035618878005,0.4958063794068271,0.10517219293034308,0.10092632405451385,0.23249941854515346,0.20027219011632214,0.2787746897073198
31030,0.40637401855817273,0.3027262655668769,0.7728393906893856,1.6324371099530333,1.1285759336370083,2.8593496027518683,1.8523547266588756,1.6338978712374042
31031,1.3319465475531926,0.9357406375024595,0.5878216362362982,0.5223238650157805,1.5738417804163929,1.2662415912734537,1.3733589472673133,1.811739708046617
31032,0.04436799003796297,0.31251748400399637,0.18678869596876455,0.41644181366848926,0.38800196679818955,0.5009945364284327,1.0427657501032985,2.217420678483967
31034,0.5138090254354986,0.8925384850848695,0.0,0.0021952174657953348,0.31296762279094803,0.4367928527866853,0.09839818525668036,0.15843407076190105
31035,1.1327698240771475,0.9289759577990502,1.2449183142199851,0.5520556064930201,0.41969143833537165,0.5725319909510077,0.47416232504556555,1.3164123869332751
31036,7.1789851754095535,6.385421689824868,4.489347195357833,4.86339218443804,4.587820345553837,5.539840200463537,4.290747070685556,7.677339004178112
31037,4.764447012596787,5.016328737065203,6.247841911500744,5.548281308790439,4.048471810929034,4.11867638828811,5.183219170768171,4.792418326337843
31038,0.02214755792065896,0.0,0.0028097996927023867,0.0,0.10213026885639552,0.07256786280361555,0.1268911650997903,0.1592620941303914
31040,0.14134037654368592,0.3803901864529905,0.47573580838850155,0.4170091311657345,0.07804434242203684,0.15823047710800187,0.1511892461309157,0.03999943944931501
31041,1.624130705394191,1.6936408654841604,1.6935365433629537,2.07801007340175,2.2128294736106744,1.2900247770934026,1.0492181098655882,1.2234316918949992
31042,7.868716358675431,7.770354868624421,7.702572742964584,7.685621935662357,5.357039000879836,7.933973924664347,4.525977280657543,7.170794638434868
31044,0.5029253362613231,0.3824983054923911,0.0,0.0,0.0,0.011133520217279856,0.0,0.012051965356429049
31045,0.4093817696857242,0.1693936037657483,0.07112588331869507,0.0613263889285694,0.07760970162998435,0.06721814160813118,0.7691096394407653,0.4911476853166714
31046,0.0,0.0,0.0,0.0,0.0,0.0,0.0,0.0
31047,0.002747446623754325,0.0,0.0,0.0,0.0,0.0,0.0,0.0
31048,1.8697921583333872,2.3145242880534243,2.0481938025293847,1.8636837900809944,1.9969540151344207,2.2256928065572326,2.012856165737432,2.3720912456221876
31049,1.183561920823259,0.9227320064403413,0.99092066388414,0.8306751266233905,0.4596899530218874,0.41218165494538384,0.6010430294358136,0.6015379001633536
31050,0.08513618435996449,0.1328793694028311,0.08186073365362806,0.0,0.004187780999201647,0.0,0.0,0.0
31051,0.024078016573468974,0.05541524627566769,0.0740868309510757,0.012045699820131903,0.025508233805054736,0.014471974659078707,0.04003599577150045,0.017051446258939052
31052,0.9346672571852428,0.735421936992847,0.6386779982126899,0.8977564020349706,1.1471063221185887,1.0527042967880056,1.1536287797923936,1.3730372331114993
31053,0.0,0.0,0.0036368082787736292,0.0065823347407648,0.003977878625782962,0.009982031931824016,0.006362473674786627,0.005458709359438468
31055,0.5544141659387445,0.38564452991336007,0.4918365164559721,0.21279941957050927,0.27784645871058117,0.2583160193481233,0.3993827101949015,0.13341245369839352
31057,1.992688878149918,2.160141582299309,2.8664380773566536,2.6619813500198894,3.255957980871087,3.3665562966672744,3.1181440581120374,3.7014835482153168
31058,0.07492502129440068,0.13299699895761075,0.03035337902572039,0.10480169904245776,0.02360030533454684,0.020695637275630275,0.08403626261784809,0.0
31059,0.1416133065285339,0.0,0.0,0.08710229652329884,0.026718730476071473,0.8242831742250338,0.9310833064813111,0.60364534474168
31060,0.13452243688547597,0.05137635418537089,0.06255153000580489,0.05057936807943723,0.031015046640338582,0.020667108063371957,0.015773540369138014,0.008840707754423466
31061,0.7067621962801163,0.6821513466361356,0.5746020215467655,1.0900525838099493,0.3976734427181647,1.4460629915567893,2.64872842190132,3.9689913315312864
31062,,,,,,,,
31064,0.7555431385236283,0.8695958843317518,0.7990821499348537,0.8940235657082841,0.814085191793042,1.0545315602757759,0.9771924596531173,0.990476562674468
31065,0.0,0.0,0.0,0.0,0.0,0.0,0.0,0.0
31066,0.7852021616727499,0.5500188473365738,0.3406202628665512,0.5243561822989224,0.6234293969152646,0.7425634829979791,0.7019912713807088,0.7949973460721869
31067,0.004029619204503654,0.0,0.043478557381209156,0.08141164388972273,0.0979982451942251,0.14054649499284694,0.06395596039603961,0.08882053873117127
31068,0.3482275982012754,0.27363663256885734,0.20252159108497136,0.34720984994228554,0.2526729520865533,0.4356346035648433,0.3925674953016853,0.2521406969498944
31070,0.3640399180600155,0.6893317551906101,0.7239744076755267,0.8128102448834733,0.9395376090116279,0.5990910821860571,0.2674340106839845,1.3769750441008612
31071,0.30081285957963516,0.09346040988623168,0.03718636409960254,0.146768726938304,0.20637650672810443,0.16567824368438724,0.3105466204657143,0.5408933089492736
31072,4.212357736809028,4.615784020627493,4.067990144039228,4.57158919105309,3.800793259093067,4.104084895180246,3.601979214589895,1.8750742060201138
31073,0.003263878122642192,0.0012451013669886135,0.011459786003174115,0.003116401172422582,0.0020963149509174075,0.003498410813632711,0.00392872435871294,0.003350683248107167
31074,0.18510609164700084,0.12020192744232118,0.19678332734459217,0.2549225503218555,0.19999521600016465,0.27785949427358786,0.010655043421535452,0.1453139128360996
31075,6.884974836600933,5.652507031345534,6.439266344414806,5.677874736687732,5.502831766477379,6.332206532605667,6.4738256845102535,6.723037527555966
31076,0.08355598613094023,0.14523729275184694,0.10597463477831001,0.06746236045201598,0.002762395138268621,0.058753294675803897,0.12176494438274542,0.08556190206723371
31077,0.0,0.0,0.0,0.0,0.0,0.0,0.08400083691045059,0.07789643665992146
31078,0.0,0.0,0.0,0.0,0.006985866604530079,0.004328951878392705,0.0017033310393380638,0.004776002198751424
31079,0.02808651385637284,0.005923541356436984,0.035667911070887945,0.008254277994596217,0.6940026872001857,0.9090350208342283,1.5778180564685511,1.8516117430489787
31080,0.2873009636391349,0.04126161816242572,0.015287974951341288,0.2370137208790837,0.2568799861854602,0.3341654709838021,0.011012684513817986,0.08802924006998215
31081,0.48388074000660725,0.3807198996103296,0.28973227254720724,0.2772060328041979,0.07495098864822987,0.30962264787212523,0.21793241965973537,0.4427812130427437
31082,0.0029728668181142654,0.0021077508723696733,0.0,0.0016559753908177513,0.0010557872507507987,0.00661101942363844,0.014101763564256182,0.03709226869721606
31083,0.45813294384939957,0.2215398908373011,0.12112217275841278,0.2447874905898715,0.006538131193354443,0.0,0.02626357693383868,0.006871473036920819
31084,0.5441175611227356,0.741206639914143,0.2508843087718974,0.2359594376626709,0.14395696013273893,0.22083129016323558,0.22448594225857843,0.14671212825793306
31085,0.05370458723627768,0.11501421608448416,0.09901911563153719,0.14599698600645858,0.10198461438540532,0.053248652257244795,0.31732346786461646,0.05643163258779131
31086,0.15534733945172258,0.11199260124725195,0.11023724266635561,0.27328756352367795,0.5371441885081805,0.09401735355445916,0.2418585696667297,0.029491914662698356
31087,0.10619786934673366,0.10540443169137574,0.08221002118711064,0.024111255805196432,0.038773046480494164,0.03641908990700346,0.019026686993747884,0.010178009351220854
31088,0.05265076494732914,0.27616096418575425,2.137489624590195,2.1185707143598305,1.8328657800423984,3.059417343403941,3.0838787935909515,4.058639807000911
31089,0.002171606644008996,0.0,0.0,0.0,0.0024402781977623223,0.0038710260841606043,0.0,0.0
31090,1.1760515039199746,0.33298446781240093,0.9812196399525818,0.08171237126194317,0.0,0.0006242941043596115,0.01626131349700192,0.0
31091,0.19355894761980577,0.1036952901998097,0.04571321365799712,0.09982919101875358,0.2662953903671002,0.22780652195460405,0.07045790513833992,0.24806475132024908
31092,7.408560130609109,5.68010470854372,6.103738617976835,6.358218061008759,6.969105745796626,5.951114589619795,6.72124002944859,8.212201991929652
31093,0.5933582011137963,0.6732263840242564,0.9391982101511487,0.9724613770865439,0.9242646099235247,0.8843476396522824,1.1728167537912118,0.7196278158667974
31094,0.558150217976069,0.6341958167319158,0.547295876865564,0.694753092460096,0.47741108035182395,0.5714983612675975,0.8577148530764841,1.0203310110608406
31095,0.7147324221012394,0.6341575357025528,0.6274838472550006,0.7782081865004066,0.3043108510216227,0.5082441388861411,0.7804152456171842,1.1990354507827965
31096,0.0,0.017674269972451792,0.010409875781869438,0.005545870751892939,0.0,0.0059143383343814564,0.09431101521587666,0.09794148074847067
31097,5.177098296594348,3.123992469179022,2.7915921482385415,3.355760161488651,4.37764935300618,3.789769772812062,4.337067657289909,4.259238882468297
31098,0.0,0.0,0.0,0.014694907282030815,0.053245310455140325,0.21695357298792026,0.20173241077931536,0.4846268569679122
31099,3.671549206147189,5.28086719758477,5.241073567602948,5.78494932966269,5.8390296448885906,6.000703290445429,5.35260448732076,5.99492945795879
32001,3.3236155594146624,1.547038737276517,1.4451634624993273,0.8020307099276788,0.8842513502501371,0.8181824203343898,1.4751707008157913,1.9417474580523295
32002,1.407400913922476,1.7652098358595874,1.638855942490045,1.6275271698754956,1.459220870624674,1.8929635186586777,1.7052760909662075,1.8254381038577943
32003,2.5832338910070374,2.064838208907552,1.7867997068028714,1.96766568000959,1.437326270282436,1.8173429272858608,1.7970117265268073,2.088956878025633
32004,2.690028001964427,2.8442664763222405,2.850576676521767,2.720420017096246,3.5022806676384755,3.703603708166254,3.6366907924430967,4.938030851818356
33001,0.2557094970801735,0.1662128941539626,0.12194850311637886,0.25259185314986643,0.26572222260973893,0.18839227501389755,0.2627229813748547,0.3452933360418533
33002,1.6808153951795097,0.711351104961239,1.1383359233474797,1.3070449260696788,1.3913336707533326,1.1642029601480075,1.2295330611939532,1.1586822765378535
33003,0.5111620008391445,0.39339589485758913,0.7607474703878081,0.9972856779599447,0.9286308875729168,1.6520415768546308,1.6651479194803527,2.458382949617254
33004,0.8834963485475282,0.9841883184463721,0.7975026737119733,1.0275323932217162,0.9474798160011264,0.8918611510586649,0.7471641776413602,0.6864061961275829
33005,1.1999048509642556,0.7924548717765748,0.6693124500031419,0.7273872888388274,0.5786680269708062,0.6079654370346773,0.5878096714421793,0.7154145666966475
33006,0.312917235109131,0.3747587576872909,1.0740254346419944,1.5146904191081378,2.9406053114712285,3.43895791932553,2.2436124497784666,3.4013110616426383
33007,0.8786475754127369,3.6166768378737326,3.8146983060089856,4.045820342640908,4.390071024405992,5.04780068985126,4.76904641159417,5.635522674569513
33008,0.20056557040850778,0.1917060555173164,0.22207054959443412,0.36728229922696126,0.35094751910743255,0.04731815850014543,0.04561115752752005,0.051538061939304956
33009,4.206629170107127,3.558141845850191,3.6014669275029743,4.6702083147745155,3.3117638035858623,3.652875648654348,3.804190135906427,3.535560943741025
35011,1.5726950837532343,1.5778784595747115,1.457684778168597,1.5215654425914373,1.5762094230646808,1.5299309455450363,1.5552330633817992,1.6981006344906437
35012,0.7974872610058727,0.6478874589218443,1.0525738824759574,1.328172893220503,1.5751394480687066,1.4448069837692576,1.4134662459810856,1.8369196343507868
35013,1.734385302959053,1.8757032868163983,1.924777574467893,2.133794629589468,2.4561246376633963,2.043418608709475,2.3018753891423938,2.4872891124711023
35014,1.158033398781317,1.0586261274633428,1.3336776831577928,1.2030792587686292,1.3665075242549294,1.3139925500367906,1.511523873634361,1.5937294021835793
35015,1.262759457467994,1.2298696742978947,1.3184762575716664,1.2023280475164213,0.9959813844507449,1.3137514171802211,1.484624897425377,1.4701246633685516
35016,1.880167913413478,1.5290850342480777,1.5607127608628384,1.5816668145159958,1.5999469099848844,1.713417838833636,1.7295216641763824,1.9741627735921445
35021,6.785284152931366,8.515575163420705,5.332429286084759,5.888409691761803,5.6691257893624325,5.145541678558892,6.114610545802995,7.206362408542807
35022,0.07263872544130848,0.03738259428673486,0.11688553967062912,0.17005649773026507,0.14807899707382,0.16609549864428727,0.22595388124978807,0.10087446680322931
35023,0.5045996853845466,0.5485883070102522,0.5688539690446018,0.7124688838123187,0.4226954292116755,0.5224328844730399,0.2884475831343236,0.16427036404846518
35031,3.291108738667962,2.6095643174963996,2.8498143443986588,2.6682007654428253,2.8830398138346185,2.9598861302910175,3.023656788658986,3.4356672605722816
35032,1.1110475405292073,0.8929306954419548,1.23172264325065,0.677830848946014,0.004591140987523775,0.024682021500398287,0.07801882588085945,0.027012460641790043
35033,1.7750430473229035,0.9477579169326602,1.3048294345727196,1.654734685790254,0.9492492831198623,1.915640269426897,1.361921938037844,1.1350215606653005
35034,2.1517141395055894,2.7419232659940542,2.3580837177639165,1.6041284096343027,1.768444543346491,1.4599813305199638,2.330121079029281,2.4717247979425987
35041,1.6839344922037247,1.6860098247566064,1.9316961743112233,1.8318771345992697,1.9533525527221425,1.7164194645965443,1.895730528573539,1.4852586834293255
35051,1.6231470493991047,2.467017522984262,1.6569370381709132,1.2741472854810592,1.9651754799178907,2.877191383652312,3.38302774853106,3.6446229845857747
35052,0.4388805863303221,0.29343114126629094,0.42343048916912435,0.6490174586860682,0.7056136232962424,0.45013382438247873,0.5178620773158082,0.6926374437310899
35061,0.8634654186025945,0.9701322489415692,0.6877347500587505,0.3872463410321509,1.0006150354515937,0.31639284162860193,0.4245120380299741,0.8733028268080557
35062,3.4394045589692763,3.3730517712029573,4.7768132797466345,3.5795608128564087,3.0373929629110576,3.039229875533896,4.301412125048,4.14176074065365
35063,12.698471418306655,4.016525557974332,4.061052549183322,6.532398014901165,4.975555665376448,4.157620595624346,4.9048650937764675,5.098845709685909
35064,0.19931646757053867,0.39393641702523546,0.3824328876480971,0.14701267742673993,0.11186440533901498,0.14339057289193693,0.1409321197866447,0.10369742299397224
35065,0.16560255692876608,0.3316057251954517,0.3523622808228634,0.2094727360578386,0.2820435050471542,0.40436285008237227,0.28966425456798495,0.2611967683479311
35071,1.455463582123407,1.8581083513200132,2.63395615570886,2.5077888237056967,1.7215683128507766,1.9447800950258587,3.2337255187537837,2.863371820198704
35072,2.0565763372234835,2.2161952190975986,2.489107287494269,2.357487316270936,1.6287447595453284,1.662463612875145,1.7593816859670877,1.4101647337620202
35073,0.0014210845620098644,0.028787764071382733,0.04946179348389799,0.033472271429728306,0.011808081636304004,0.024977224169608184,0.04546688553187881,0.11139564035242101
35074,0.07676064498913582,0.06345480001513604,0.33349954539648186,0.9791099171703606,0.7903625451423835,1.274661432128508,1.5625503135481988,0.20532222093494756
35081,3.397579317164188,3.3931750658844915,3.258301157007386,3.368686557587423,3.000748210692965,2.718870342576878,2.691981218761747,2.9020249539830303
35082,0.7965362581465585,0.41863526356921366,0.4097666077197543,0.5219129777331573,0.6771317016959958,0.690455790784558,0.6077461200744366,0.549069793831673
35083,0.2854427249130712,0.6997711683483372,0.27671166624950544,1.246264849278319,1.2157910598091097,0.665187157698942,0.9179969325880893,1.0455454545454546
35091,0.671492804690276,0.2918934662856806,0.12232483329669523,0.40709909581449616,0.20718891833992956,0.286198539344511,0.5351732440221649,0.6169887859022771
35092,2.3051617723761666,2.5083682849282574,2.024479249906771,1.8255380825761407,1.6138981006076756,2.762268072897725,2.0486203818736657,2.47712325807497
35093,4.535939163997269,6.082132075816658,5.290041784032679,6.191333909059413,4.985588099755683,5.211667097712555,5.149227861289641,4.993989846506347
35094,1.6098713021491786,2.960070965958124,3.0468325252828174,3.4910210954035796,3.410518348567168,3.5494101342111515,2.4945125838004176,3.8928609879991094
35095,0.8063764815606419,1.9187259637786958,0.6364814024413903,0.7740761965321505,0.024252254918760614,0.08292100633630688,0.018464554372262718,0.24788053830066784
35101,1.4926014994493975,1.8639792243684459,1.6500025211405045,1.3169513066963223,0.9786216843202149,1.201801355495991,1.538849993992207,1.5719597522253466
35102,0.0,0.09244977025955957,0.0,1.8172101560692855,2.4946516034867874,3.3640625848529218,2.3596153714287222,3.213785458698931
35103,2.8020418430901675,3.6583968219719645,2.841011179545572,3.0062494481991617,3.408920371084892,2.949353087388802,3.0622786746501145,3.62689792660847
35104,4.580458134065073,5.734962355216103,6.086771159150978,6.080499858915403,6.792505621405407,6.696298796978457,5.992714324255404,5.478284698134562
35111,1.618467982972557,1.3774779671195856,0.9497592376855751,0.9557663788876176,0.789094452374437,0.9080373061872958,0.6766915906995801,0.6418224894278292
35112,2.905777651074721,2.3904199378273225,2.7488328744066557,2.6911267660776073,2.702377558568467,2.96936071259275,3.1746453018270473,3.0473526964803983
35113,0.0016431540925509439,0.0008864218906486055,0.0,0.004721239087201267,0.0,0.0041935646137594524,0.0,0.8786199893461181
35114,0.6447752901473373,0.3046343837075889,0.20184694793536803,0.2429035960991467,0.07285756261651942,0.136323397387401,0.17530798975543616,0.21465823848292692
35115,0.44388337684943435,0.2646853319758563,0.35378126139263577,0.4507981227521273,0.45637148644852216,0.4484771807003753,0.626122409509499,0.351461525835957
35121,2.297793982820148,2.3687897447813793,2.8381225370778544,2.9625331966738386,1.6965679154888922,1.8062380100453763,2.188696187782091,1.9524171225699276
35131,0.35140973807861414,0.21336934850515246,0.1694000254255897,0.2090957871772508,0.191320561306856,0.19239732133879434,0.3008479607840535,0.19526072725838747
35132,5.614681499782705,6.075180947744239,5.464607072242922,5.380101893808389,5.236511063561607,5.7690139244893865,4.7055102681715235,4.605760975145622
35133,0.2572929795629896,0.10929381172208263,0.19919893007038633,0.15880547720469723,0.19427032460912158,0.2313956531271881,0.25681755656616695,0.35500588624568985
35141,2.9878404129489713,3.3758852106300923,3.430150537369431,2.8947490143018073,2.77528482176788,3.0590906043713804,3.2475362710155884,4.440988361346792
35142,1.3454722412118159,1.0618133996102062,1.2506195810211764,1.4606036079340619,1.9443020322403837,1.9288389730195918,1.1823385277478917,1.6022484265879042
35143,1.3565241961195647,1.8306218402893095,1.4827475179133893,1.911897771627443,1.7597396318249279,1.2769962038421716,1.3130897188533628,1.6242048967535387
35151,4.1157143364798765,6.29904757169117,4.570002995118594,4.896183254674429,3.8129552979612344,5.341598889616669,5.893542534638867,5.59272113825391
35152,0.0,0.0059504908237302595,0.19329851158247874,0.14033257971136984,0.0009305359735695798,0.0,0.0,0.24219733079122974
35153,2.9554588099586656,1.6125618834468385,2.0629413232739178,1.909933432449283,1.775505829077946,2.4003112934130586,1.5791783023316237,1.7674752118175436
35154,0.0,0.08767176065989192,0.27600243963199356,0.0664509003108063,0.007315224365829661,0.013039652835207558,0.0,0.0
35155,4.7704922928267095,5.05876359401849,7.466370698910736,7.708681058901797,8.687428985531207,8.875294230021355,10.413454554057891,11.816610456328789
35156,0.12231102120507634,0.07025827761859281,0.0,0.003880469168248406,0.0,0.0,0.0,0.0
35157,0.006623326685363014,0.30065996699401004,0.6343271148181514,1.073426941707284,1.534645819177425,1.1530732084985582,1.2676052150158532,1.8801610231783212
35161,0.07792842934149635,1.0367872745237336,0.8811774424807932,0.44766780557698665,0.2398926369442884,0.18388522939231022,0.07119266785052351,0.014901606336886518
35162,1.7544995354576982,1.842915705758365,1.7296466641185715,1.8004127790014812,1.8950089803568007,2.22760596345892,2.1588711340388818,1.581973258473106
35163,2.38654075388167,2.5249342654260705,2.050387278619859,2.1557649877325136,1.7416831050843364,2.3883924959567246,2.5819843025577214,2.88624330320631
35171,1.4201137198128448,1.2339402662284618,1.3458752041700266,1.6728451735078933,1.6833842987571916,1.9650879249919357,1.6325429803991252,1.8270110065213951
35172,0.250218486154884,0.3479671598284594,0.35051765398072593,0.4208414367806547,0.501176832948842,0.3874489053196039,0.35140276343107274,0.30878075734818233
35173,0.22543118231046932,0.20968497361284874,0.6752623227369323,1.2016389652798998,1.0886440427285158,1.1461837272994908,0.7011863442890143,0.48106469969119026
35174,2.6196645486433767,1.850677471749889,2.570282811140766,2.197446682242305,1.9212094836435836,2.391143014071329,2.4798593234232036,2.605191897989087
41001,0.5284263031681697,0.913419131757629,1.6028963339777083,1.3643579933284653,1.3112656377481642,0.504031323540799,0.6103532739207002,0.9933055357237296
41002,1.0163356707175493,1.0033573094590313,0.9137172933954493,0.9797466888520253,0.8844423402646785,0.9963904228774049,1.115957024720004,0.9002755904773313
41003,3.58249206305206,3.888547372472412,3.7850450528490693,3.38867192225172,3.012563792912426,2.868688844848445,2.7454709130066726,4.2438450008721516
41004,0.0,0.0,0.0,0.0,0.0,0.0,0.03289361291275259,0.0
41005,2.1826521668914527,2.065147323236061,2.1447753263982525,1.920791001812893,1.8230471834693338,2.209021369421381,2.70228125,3.2792010149446673
41006,0.3655678095654073,0.2604468194547637,0.6030061562423615,1.2485660189675245,0.7781217433705089,1.786651871570292,2.5902880035011533,1.739227655666408
41007,1.9546507105289195,2.0320299789919947,1.6963445390807972,2.4469444163397145,3.465928302497113,4.66151357985885,3.6175505933430894,3.6503082002690315
41008,2.8771055039911424,3.3023697010250728,4.0711005160986975,5.352998668063622,4.525848268359427,4.662970006477842,4.795239640601667,5.158852211536331
41009,1.6100482857806533,0.4342539677846925,0.44444261574250343,1.2711731710841838,3.1018271429952002,1.4983161809432908,1.5375294759232665,2.2076583410088313
41010,0.2881809609005181,0.034662128261477305,0.14402759714278882,0.14758072447739093,0.014556785488416981,0.00323323206993167,0.0029043741531088905,0.0
41011,0.3452822101548129,0.042867771509167846,0.03756980108126561,0.6473157776834559,0.5745868416907961,0.2039841818629642,0.1174438865062043,0.06477548006361016
41012,3.385906900110445,3.5863333814611607,2.7667309809791796,2.4793387095616986,2.127754090215038,1.0403275307467137,0.0,0.04053255674061587
41013,0.0,0.0,0.006142721486500359,0.0,0.0860899923884531,0.10579194731141296,1.1015049946694766,3.219596914457986
41014,0.2124245099188326,0.04803417961984562,0.026352841668118722,0.08990197531310429,0.018731217847501657,0.6460146970366774,1.669431819822421,1.8248191402148743
41015,3.0480889215260016,2.4499015364612635,2.581338748064106,2.1744562674237944,2.3160948723118846,2.500154424074929,2.605763881924444,3.3974996469598286
41016,5.522471953871285,4.002704339592783,4.981429597720265,5.790575679735577,4.913535328077375,5.317185227408784,5.324289674611656,5.123135096519461
41017,3.9265018788568278,3.559345018292474,3.2219152797122,3.8114802891395962,4.034335277529059,3.242531052599375,3.115556797763614,2.149139524823028
41018,0.1832145041048126,1.0108902797624995,1.1037178042743483,0.8244166361719554,1.2232207463234308,0.9577381920452146,1.2539375135291146,1.5775251665701044
41019,0.05934425379710746,0.01774691953579403,0.0075106424647226775,0.008543920840385657,0.014199516013840062,0.017357449311466332,0.020458894908956547,0.013630441750734986
41020,0.16304705181344442,0.23578452305683104,0.1940712053617319,0.32678919031911047,0.837310985247629,1.2205966514612514,1.0319539191382179,0.485952725935324
41021,0.27287157956803737,0.47688596586349735,0.03199828741302428,0.024861831158478193,0.004570379711662802,0.022192978732436218,0.639382977602108,0.6853171515782971
41022,1.8999440553406295,1.7754201114891768,1.9539461409518257,2.3546028112803357,2.5980346367598566,2.1823693886276185,2.9224520383221866,1.926754699591616
42001,2.85435761209344,2.3627594368248577,2.271968577788343,3.4652782075426978,4.094414271419205,2.9373199433766617,2.8115986813583045,3.070482463277804
42002,3.653748423342629,5.261786810999983,6.114602591353111,6.096986420053269,5.28248985268734,5.790664052008133,5.92747078461843,5.442776815842669
42003,0.040910094637223976,3.5603884458119106,3.0714418382241906,2.1448613844035553,2.687133933657815,2.1053325409770847,2.258477151582042,1.9657346109318423
42004,1.1370373059721126,0.8701591266794294,1.5703568773490095,0.48470782807960394,0.5934249206472878,0.8682668784269746,0.8195881450214216,1.280302423082002
42005,3.5604583985507134,3.151043502211116,1.8978020274943477,1.5065830397901128,1.450067290302642,1.1874247258852386,1.2518352861433846,1.6552167923821755
42006,1.5705571066423414,1.4923858413162077,1.8153763377026344,2.916134711988306,1.7425298099067297,1.0910531715467915,0.9546353576254996,1.277439876950678
42007,2.4988301901049024,2.339047112981578,2.4473264214075847,2.6456382094676454,2.5874196833976644,2.1921060936438375,2.1257779449865173,3.076315970748196
42008,2.6089978230944073,1.042579724748747,0.061372823989624736,2.007261649572067,3.576634605834723,4.438162799523777,3.6422469295410473,2.6178237070495576
42009,0.23304045589215483,0.5683270180790764,0.4423182106249311,0.41785167693360714,0.1486558319943507,0.00181902032926974,0.00520979421759534,0.15392994700268506
42010,3.3922177019180006,3.0214249831612032,3.4639879278749985,2.6166667828779016,3.686003683626698,3.8766027219972443,5.809947532792005,5.702544737115366
42011,5.169487564809705,5.6892160532035865,4.69714945252286,3.926349186970081,2.8700590146950304,3.180235727418907,2.8614085486024687,2.85446404232024
42012,0.07490494554002307,0.37265099253078526,0.8998963792951223,0.6602031702970822,0.9188487584650112,1.091430414240831,1.56062528041981,2.9769946049784544
42013,0.5258836781514168,6.216895673423244,4.919681390721397,4.555413774066661,3.8084530243102614,4.060314475885093,5.517879125803795,4.5899466873472
42014,2.4043302590215894,1.2056591701014503,1.5480364950885686,1.312451226015475,1.2326826529033288,1.1871059315333834,1.056906253058029,1.7208042278298206
42015,3.637212652444517,3.0383722040630166,3.808110539634354,4.65321937136508,3.694519790165446,3.371978451089314,4.129311533786135,3.802431472671861
42016,4.47806477037422,5.501743765467352,4.385389458321079,4.5550399515905,4.428690136646914,5.150778557597913,5.223955851813594,5.510484236428222
43001,1.6486713744853696,1.446523338988491,1.657103297658251,1.313144954120068,1.8229414924263119,1.3471078989118765,1.373237375571191,2.125450003758859
43002,0.005393340335805101,0.0032028743341727265,0.005803526567014194,0.0015660132772911184,0.005191871394308679,0.00196794069353449,0.00656720311761157,0.0055889615699100574
43003,2.350594653779355,2.265198005976192,2.0405090724111257,1.8737406997491879,1.8464154070336458,2.0380187433281742,2.485554939686184,2.0730485048869816
43004,0.9579733245490786,1.6080450637059338,1.864294118035428,1.7439712921793455,2.0644687230330248,3.2789989739125023,3.3715478757718182,3.006289275323587
43005,0.0073340194396798175,0.08208952856566683,0.0152711165419276,0.0,0.0,0.0,0.0,0.0
43006,0.008050470218044479,0.011012281305418066,0.010610097376962892,0.00570181370773869,0.0,0.0061180851063829785,0.0010228180093705508,0.0
43007,0.11509721961652469,0.1845706155172178,0.06801740744177413,0.01850733847597052,0.0,0.0021989169831691377,0.0019581364347281876,0.004315792351805533
43008,0.28791562435991463,0.3743077738427609,0.39878047407535405,0.4226744658941304,0.17058331567823978,0.10266603838267374,0.04021090976855321,0.09887677802120805
43009,0.0023673518904104166,0.15437741895722912,0.16558672028833926,0.2767820376417067,0.17143939836306482,0.3685359755846683,0.31354575993642614,0.6019521156127547
43010,2.141756975978489,2.1457293277338203,1.909769980491887,2.190012664656444,1.988835347936593,2.222882897674752,2.0314344443183394,2.023709681336424
43011,0.288405438728914,0.2294340487544557,0.07245323484671992,0.15237566217440235,0.004925341790444461,0.1711343196049192,0.06575420700059267,0.0563543331229146
43012,0.0012737229542346673,0.018234579737935443,0.0,0.0,0.01241202134090252,0.014862623974289741,0.026780703491057874,0.012210245083127224
43013,0.15855775010919912,0.1214797942943008,0.14028878531670239,0.1343113380578829,0.156090518991265,0.17176603734086954,0.10014250601401527,0.30647449966034385
43014,1.977760081459395,1.6640798114595117,1.9672770359273706,1.8631520985122343,1.8152993480340893,2.3979940154526376,1.8008877884830834,1.830755767164367
43015,0.08571997512190789,0.14469071949074463,0.12348007990059609,0.1036538380762365,0.1340924491507882,0.03963058635522816,0.2345593570658986,0.47821534843407554
43016,0.009593220196694887,0.035496569810133216,0.02233373041173115,0.0053485261436538225,0.007041987187733155,0.02222943908784161,0.004649561629706035,0.0029598158585380546
43017,1.2011322068505812,0.94310321958724,0.7945313036736056,0.6711784060264978,0.8719003516573818,1.4150219236107442,1.389803832661146,2.1874500881390677
43018,0.02039732467551943,0.0904312924559356,0.009351782728141423,0.004812883229896961,0.0,0.002433897388928094,0.014790828369113185,0.005906248597543644
43019,0.05714442260236731,0.13306279571330648,0.06539857312325609,0.07574837400749752,0.09748383414127129,0.1393529522088285,0.12159040502269082,0.15220019119479675
43020,0.004242462401957257,0.007102321427501094,0.0,0.05240829575330734,0.018676436380553618,0.009019147697680831,0.004484236997055937,0.012091414187923996
43021,0.2634656946982715,0.27971448724622,0.30339641516544125,0.3441209582420859,0.22079355724894986,0.30196145177603756,0.5449316863716838,0.5412912858103214
43022,0.04905519990719161,0.0,0.0,0.0022811234021116265,0.004358054417212805,0.0,0.0022345035350026256,0.0014905792340461606
43023,1.5951574161971032,1.938217162479293,2.308376762213624,2.882385167642688,1.853574135430584,1.710184396363607,1.3709867507203808,1.1734588160903991
43024,0.0,0.0,0.0,0.0,0.0,0.0,0.0,0.0
43025,0.03963115536487587,0.0769095108334441,0.21545133046983764,0.09405901375087233,0.13585854984624982,0.05992414103658171,0.1299751846344254,0.15617729618226792
43026,0.0048971976090404,0.02294669758577574,0.00048410934609110714,0.008159140627550854,0.013423025485003652,0.008867388434116715,0.021651158041357497,0.5555650909090909
43027,0.0027182669121520076,0.0015900749497759234,0.0,0.005499122146977677,0.010355541335433536,0.0,0.00145270203663177,0.00807954270833847
43028,0.6618520726578995,1.0010498469522207,0.9164238040023305,1.0030838062671512,0.22997131655032185,0.02274178497254545,0.006269926874633737,0.008686627893870742
43029,0.006644033634904422,0.01512619226964579,0.0017475429975429976,0.0,0.016933540596758317,0.011891936154956135,0.008114574120276864,0.0008473419383067162
43030,0.0,0.0,0.0,0.01083077723720835,0.007334298522022561,0.0,0.0,0.0
50001,0.27294529394725164,0.12658786883796005,0.15630385815657055,0.2085502956185327,5.641168728213314,6.9689697555404555,7.676544497100999,8.235005407046724
50002,0.0,0.0,0.0,0.0,0.0,0.0,0.0,0.0
50003,2.295652237512941,1.6397603988948388,1.795639194728108,1.1999492005481955,1.5434396434543072,2.814702032609795,2.6196287939510996,3.36683501263847
50004,0.008447170430966277,0.011000280386933969,0.004648189966838252,0.008954458032179959,0.014326271971716539,0.07716561834515633,0.03031990984327244,0.024076729664014147
51001,0.0,0.0023512159117395695,0.0019242019094322868,0.004646922205800495,0.0,1.200208041812234,3.101565620771858,3.381382375534989
51002,4.55553594041282,3.9310439412474483,4.978938098983668,5.3754504577123114,5.417287936976761,4.369085892428778,0.7308401611133182,0.8697734380165932
51003,0.1209158876247071,0.10833966971605086,0.08722506782673776,0.030643767925636684,0.0918232068926933,0.05531115028646981,0.024118221681934615,0.16477400374431667
51004,0.12742198467249682,0.1082319745328262,0.1450946150130025,0.13873442689968826,0.01809596768577199,0.11225987862974164,0.10060781945140096,0.19357991687318282
51005,0.9639329439793521,1.2057560429058674,0.6270875922596324,1.7502306239112833,0.7132854405368658,1.5473628947389242,0.6297317301711037,0.25161823451084825
51006,0.5988384777349699,0.6942557119778444,0.9215440406678683,0.9169106165400772,0.8219683481701285,1.2200220732670461,0.174795793373368,0.2815931353342215
51007,0.001460534603749146,0.0013766383106615966,0.01226423816963808,0.0,0.031136554149373354,0.20918211278818244,0.16116094527559988,0.25269892138156613
51008,0.07882311358862498,0.02739282820230715,0.07568445236067013,0.14465075518378143,0.27283742679996803,0.24157544646084883,0.013625560193451501,0.02145679370700415
51009,0.0,0.0,0.0,0.0,0.0,0.0,0.0,0.0
51010,2.0131810972265454,3.332483281319661,2.5245562623839817,3.0703875390152473,2.1084974070684623,2.8649853845818245,3.3543414960836273,2.1571929338716496
51011,2.1166290027760657,1.723445876085759,3.561197709384724,2.6970458679258065,1.6271261426515595,2.9583030403922694,2.8799879958613346,3.543558404016964
51012,0.01885376965485455,0.006007516877767118,0.012166781783050787,0.0049630395316313854,0.008752058090935957,0.00037062802256288186,0.015327408442968768,0.0016471375685859723
51013,0.31339017381495415,1.1924863929851883,0.7634421672386346,0.7582618626816683,0.6754122269591829,0.7484765033082663,0.5113595532716175,0.8028985902163928
51014,3.091966269689024,2.2109610223346494,2.048070569105691,2.0439705581232084,2.8016427364665013,2.662275396190023,2.186406670810027,3.168195162954862
51015,0.7388209318393464,0.7417238434729077,1.2309916972806871,1.6633482840838023,1.983265837211511,2.155823470146794,1.83658141684641,2.1497177255047233
51016,0.008447451010410287,0.0,0.008746438746438746,0.011694986524971808,0.01781444027214931,0.012447797761568015,0.02000518864428137,0.04557035803497086
52001,6.461838588179823,6.205713802790052,6.321237842926894,6.5982801861135325,6.176772495640257,7.254983832420249,6.723795164697113,8.232477545242375
52002,0.21947696136544775,0.001982142712610293,0.0010946639920671743,0.0013095188821608634,0.0016028061086827477,0.006034888129648026,0.007552796723514276,0.0011594174755297
52003,0.005786609651114657,0.002200424766418094,0.01721348384877576,0.015710477278075917,0.006675584931398446,0.0016442241651352305,0.06236176729990156,0.5468143637354664
52004,0.0008585751076341166,0.0013350873805155934,0.0010454514756534073,0.0007674102943778579,0.0,0.010250979357936783,0.016218629205806634,0.009797713354979958
52005,0.13361868220491357,0.12462834309117397,0.08064558696645181,0.007154050566649218,0.03875460448374755,0.11431412802688871,0.05907567235785597,0.04106178183511073
52006,0.011569846342424375,0.004338542573567822,0.006229596917348573,0.026803411073066736,0.024291801860263897,0.005210270316804408,0.040849396042148545,0.06637979599675643
52007,0.013907006458439394,0.018197322629122836,0.05463985188523065,0.057707744735385785,0.1464841667709065,0.021404095556635507,0.07099824422292705,0.05551903017160803
52008,0.215312319610037,0.20945074056650845,0.22384468967877155,0.19699583606650886,0.2256636605472404,0.20922443029907925,0.16102022537899643,0.19160954721367926
52009,0.15881506280449695,0.020471212704935574,0.05386027838175624,0.011391178560117779,0.012965134623474968,0.018961029837902387,0.005030967378681775,0.04266420462558172
52010,0.024719496900100512,0.07104749713074954,0.032005925042947796,0.0333287493580984,0.015899041844384405,0.005274668414425913,0.009764606149867705,0.1987850522914718
52011,0.3902344895368361,0.7762145668733894,1.3668355264734786,3.030849027538591,4.39943769690217,5.341787613774228,4.261998106813578,3.2209289012280085
52012,0.00809374263167664,0.0038022119778802215,0.0009311365607152469,0.0012517201464546353,0.0,0.0,0.0,0.0012095263313033008
52013,0.20440018186277736,0.26267462675879844,0.30939441557591235,0.1678351978528336,0.10483471771811595,0.14310514021504858,0.11597427586994824,0.10151597230146482
52014,0.07248556932678031,0.005129738000220831,0.0,0.017314442783280384,0.05568100176883577,0.018813240418118465,0.0018630385766723867,0.03218539398899998
52015,0.10883166399874414,0.08320232661941451,0.08392948642829733,0.29365992620460135,0.11587907265160678,0.10495615031483474,0.31194834311890685,1.1037825387857982
52016,0.031916463057756805,0.037089568989606095,0.04916494533160371,0.034198861253156985,0.021704411674936558,0.045424001925035346,0.026216503624493185,0.14825283984051757
52017,0.3091317712538577,0.3425528370047991,0.36511137441713315,0.686459816805735,0.2287056409767037,0.30292906873142156,0.1796956202153531,0.22537922127284926
52018,0.004765159658176506,0.0022136756639680615,0.010064779478415501,0.00025194714921401834,0.011362900939068938,0.006724609107587831,0.07706002364027914,0.006060577035641689
53001,1.5265028684898043,1.48269839407444,1.6546753443485458,1.5249812301197192,1.5843105009138727,1.9884499885250664,2.378545219889439,2.6932720124744494
